# Blender 4.5.2 LTS
# www.blender.org
mtllib tripo_convert_6243baf6-1168-4edb-b80d-7fe9d68326bb.mtl
o tripo_node_6243baf6-1168-4edb-b80d-7fe9d68326bb
v 0.003118 0.164330 -0.496972
v 0.002864 0.134361 -0.493179
v 0.002850 -0.169672 0.452503
v 0.002481 -0.150116 0.498646
v 0.001708 0.098820 0.399120
v 0.002960 0.103939 0.343131
v 0.002791 0.067786 0.415649
v 0.002841 0.140310 0.412600
v 0.002570 0.168009 0.476202
v 0.001699 0.119850 0.459239
v 0.002715 0.123493 0.470052
v -0.002774 0.123728 0.470469
v -0.001798 0.098923 0.398981
v -0.002438 0.167998 0.476586
v -0.002876 0.140161 0.410720
v -0.002890 0.103310 0.343267
v -0.002926 0.069109 0.416530
v -0.002536 -0.150000 0.499020
v -0.002919 -0.169123 0.452268
v -0.002940 0.134903 -0.493045
v -0.003012 0.164598 -0.496660
v 0.003053 0.166268 -0.489559
v 0.003012 0.158492 -0.488710
v 0.003004 0.157677 -0.498408
v -0.002988 0.166391 -0.489633
v -0.002967 0.158978 -0.498229
v 0.002856 0.133761 -0.486344
v -0.002955 0.133998 -0.486046
v -0.002915 0.140003 -0.496455
v 0.002854 0.140467 -0.496647
v 0.002942 0.141775 -0.486996
v 0.002749 -0.169026 0.457231
v -0.002767 -0.169060 0.457072
v 0.002650 -0.163352 0.448191
v 0.002865 -0.160598 0.453840
v -0.002829 -0.163168 0.448311
v 0.002705 -0.153186 0.493528
v 0.002838 -0.144777 0.488794
v 0.002842 -0.142033 0.494557
v -0.002813 -0.141953 0.494858
v -0.002800 -0.153076 0.493739
v 0.002877 0.079181 0.343684
v 0.002906 0.076548 0.349096
v 0.000277 0.069115 0.346342
v -0.000180 0.076941 0.339959
v -0.002850 0.118919 0.407446
v 0.002881 0.121106 0.407640
v 0.002826 0.096299 0.419084
v 0.002884 0.085195 0.392283
v 0.002828 0.122206 0.420324
v 0.002905 0.097145 0.341450
v -0.002856 0.097550 0.340852
v 0.003100 0.104925 0.350729
v 0.002998 0.096447 0.350691
v -0.002917 0.104892 0.350437
v 0.002826 0.095398 0.433352
v 0.002767 0.066673 0.433207
v 0.002797 0.058797 0.407292
v 0.002884 0.076800 0.387251
v 0.002812 0.140968 0.438715
v 0.002844 0.123808 0.436300
v 0.002832 0.154833 0.413846
v 0.002802 0.152395 0.439991
v 0.002869 0.132376 0.403154
v -0.002698 0.161334 0.476439
v 0.002706 0.161390 0.476201
v 0.002882 0.161555 0.469049
v 0.002880 0.168937 0.470273
v -0.002878 0.168791 0.470608
v -0.002830 0.121615 0.461030
v 0.002879 0.121791 0.449534
v 0.002827 0.138274 0.454386
v 0.002824 0.136268 0.463730
v 0.002863 0.097059 0.451742
v 0.002858 0.095293 0.443975
v 0.002695 0.135221 0.473892
v -0.002728 0.135136 0.474114
v -0.002882 0.135970 0.464328
v -0.002880 0.096932 0.419117
v -0.002856 0.121514 0.419187
v -0.002920 0.086466 0.392462
v -0.002878 0.161568 0.469395
v -0.002887 0.147912 0.379082
v -0.002891 0.139620 0.377292
v -0.002840 0.132695 0.401515
v -0.002916 0.154478 0.412331
v -0.002913 0.158411 0.380648
v -0.002874 0.122776 0.435691
v -0.002876 0.140764 0.437624
v -0.002888 0.152268 0.439078
v -0.002810 0.072137 0.349894
v -0.002819 0.078356 0.348277
v -0.002871 0.096803 0.350035
v -0.002931 0.078194 0.387856
v -0.002922 0.060036 0.408443
v -0.002946 0.067651 0.433895
v -0.002898 0.096148 0.433770
v -0.002873 -0.144744 0.488868
v -0.002836 -0.160313 0.453800
v -0.002958 0.141671 -0.487028
v -0.002940 0.158793 -0.488843
v -0.002921 0.149363 -0.497933
v -0.002944 0.150242 -0.487992
v -0.002955 0.152120 -0.471532
v -0.002944 0.160268 -0.472627
v -0.002945 0.168244 -0.473800
v -0.002906 0.163804 -0.444328
v -0.002920 0.171962 -0.445442
v 0.002779 0.171950 -0.445438
v 0.002861 0.168171 -0.473688
v 0.002775 0.163725 -0.444367
v 0.002883 0.160070 -0.472534
v 0.002779 0.155493 -0.443339
v 0.002872 0.152022 -0.471387
v 0.002968 0.150214 -0.487873
v 0.002929 0.149552 -0.498072
v 0.002870 0.143964 -0.470446
v 0.002801 0.147216 -0.442367
v 0.002818 0.139127 -0.441541
v 0.002787 0.135994 -0.469611
v -0.003016 0.139238 -0.441319
v -0.002986 0.136056 -0.469513
v -0.002946 0.147324 -0.442300
v -0.002988 0.144056 -0.470558
v -0.002919 0.155580 -0.443286
v -0.002908 0.151577 -0.410779
v -0.002907 0.159734 -0.411877
v -0.002888 0.167821 -0.412919
v -0.002918 0.163439 -0.380293
v -0.002888 0.171635 -0.381079
v -0.002821 0.180003 -0.381845
v -0.002847 0.176140 -0.413934
v 0.002968 0.179949 -0.382179
v 0.002879 0.176087 -0.413992
v 0.002943 0.171629 -0.381100
v 0.002848 0.167784 -0.412934
v 0.002909 0.163426 -0.380284
v 0.002843 0.159675 -0.411888
v 0.002904 0.155203 -0.379578
v 0.002865 0.151487 -0.410859
v 0.002826 0.146896 -0.378924
v 0.002868 0.143296 -0.410092
v -0.002864 0.147007 -0.378964
v -0.002892 0.143464 -0.409346
v -0.002918 0.155180 -0.379598
v -0.002905 0.149141 -0.347627
v -0.002942 0.157477 -0.348219
v -0.002953 0.165754 -0.348811
v -0.002951 0.160214 -0.316527
v -0.002944 0.168096 -0.317208
v -0.002935 0.176030 -0.317814
v -0.002944 0.174088 -0.349381
v -0.002924 0.184151 -0.318110
v -0.002880 0.182378 -0.349909
v 0.002913 0.184145 -0.318732
v 0.002989 0.182507 -0.349877
v 0.002860 0.176043 -0.317869
v 0.002946 0.174104 -0.349372
v 0.002839 0.168125 -0.317209
v 0.002890 0.165759 -0.348807
v 0.002840 0.160207 -0.316547
v 0.002860 0.157478 -0.348224
v 0.002885 0.152204 -0.315924
v 0.002867 0.149157 -0.347536
v -0.002923 0.152126 -0.315691
v 0.002895 0.154564 -0.284390
v -0.002967 0.154498 -0.284766
v -0.002966 0.162657 -0.284925
v -0.002913 0.155261 -0.253433
v -0.002946 0.163770 -0.253550
v -0.002928 0.172413 -0.253794
v -0.002956 0.170685 -0.285364
v -0.002904 0.181063 -0.254293
v -0.002955 0.178797 -0.286063
v -0.002858 0.189596 -0.255719
v -0.002912 0.186909 -0.286902
v 0.003008 0.189744 -0.253562
v 0.002904 0.186875 -0.286936
v 0.002929 0.181185 -0.254090
v 0.002857 0.178830 -0.286070
v 0.002901 0.172515 -0.253772
v 0.002840 0.170759 -0.285375
v 0.002919 0.163875 -0.253558
v 0.002865 0.162740 -0.284892
v 0.002955 0.155369 -0.253492
v 0.002918 0.164772 -0.221996
v 0.002862 0.156217 -0.221879
v -0.002974 0.156194 -0.221573
v 0.002943 0.156998 -0.190141
v -0.002914 0.156744 -0.190146
v -0.002945 0.165515 -0.190245
v -0.003003 0.164651 -0.221978
v -0.002938 0.174247 -0.190420
v -0.002992 0.173300 -0.222241
v -0.002923 0.182988 -0.190760
v -0.002968 0.181844 -0.222491
v -0.002891 0.191715 -0.191179
v -0.002913 0.190504 -0.222707
v 0.003018 0.191885 -0.191155
v 0.002973 0.190611 -0.222792
v 0.002955 0.183166 -0.190760
v 0.002960 0.182028 -0.222487
v 0.002908 0.174424 -0.190424
v 0.002920 0.173437 -0.222216
v 0.002907 0.165681 -0.190239
v 0.002859 0.175437 -0.158835
v 0.002854 0.166631 -0.158490
v 0.002911 0.157774 -0.157238
v 0.002858 0.167374 -0.126924
v 0.002848 0.158434 -0.126499
v -0.003003 0.158370 -0.127375
v -0.002878 0.157477 -0.159467
v -0.002999 0.167134 -0.127034
v -0.002928 0.166420 -0.158724
v -0.002961 0.176022 -0.127070
v -0.002928 0.175246 -0.158845
v -0.002896 0.184852 -0.127218
v -0.002915 0.184067 -0.159091
v -0.002797 0.193771 -0.127402
v -0.002888 0.192838 -0.159309
v 0.002927 0.193920 -0.127405
v 0.002810 0.193043 -0.159408
v 0.002898 0.185098 -0.127226
v 0.002886 0.184293 -0.159110
v 0.002858 0.176251 -0.127067
v 0.002928 0.185303 -0.095382
v 0.002893 0.176382 -0.095417
v 0.002881 0.167376 -0.095426
v 0.002945 0.176130 -0.063752
v 0.002947 0.167370 -0.063793
v 0.002937 0.158515 -0.063834
v 0.002902 0.158406 -0.095416
v -0.003054 0.158365 -0.063624
v -0.002934 0.158292 -0.095420
v -0.003011 0.167065 -0.063751
v -0.002968 0.167116 -0.095433
v -0.002996 0.175834 -0.063731
v -0.002944 0.176102 -0.095431
v -0.002994 0.184613 -0.063585
v -0.002900 0.185027 -0.095407
v -0.002992 0.193454 -0.063234
v -0.002836 0.193936 -0.095361
v 0.002966 0.193674 -0.063578
v 0.002878 0.194250 -0.095326
v 0.002975 0.184911 -0.063622
v 0.003182 0.192997 -0.031559
v 0.003024 0.184311 -0.031718
v 0.002947 0.175556 -0.031861
v 0.003014 0.184063 -0.000147
v 0.002941 0.175312 -0.000154
v 0.002908 0.166563 -0.000135
v 0.002923 0.166875 -0.032003
v 0.002910 0.157697 -0.000074
v 0.002934 0.157933 -0.032359
v -0.002945 0.157436 -0.000122
v -0.002935 0.157710 -0.032048
v -0.003010 0.166208 -0.000154
v -0.002988 0.166532 -0.031957
v -0.003017 0.174957 -0.000169
v -0.003020 0.175242 -0.031847
v -0.003023 0.183699 -0.000146
v -0.003040 0.184018 -0.031710
v -0.003022 0.192633 -0.000031
v -0.003015 0.192865 -0.031605
v 0.003147 0.192826 -0.000178
v -0.002949 0.192473 0.031601
v 0.003084 0.192696 0.031643
v 0.002968 0.184062 0.031635
v 0.003065 0.193002 0.063457
v 0.002968 0.184451 0.063508
v 0.002903 0.175844 0.063575
v 0.002895 0.175455 0.031667
v 0.002892 0.167263 0.063655
v 0.002860 0.166827 0.031728
v 0.002880 0.158625 0.063766
v 0.002787 0.158150 0.031825
v -0.002909 0.158296 0.063730
v -0.002984 0.157881 0.031843
v -0.002986 0.166827 0.063664
v -0.003026 0.166438 0.031737
v -0.002994 0.175419 0.063585
v -0.003012 0.175068 0.031672
v -0.002992 0.184033 0.063507
v -0.003001 0.183675 0.031636
v -0.002949 0.192704 0.063431
v -0.002960 0.184387 0.095244
v -0.002933 0.193114 0.095214
v 0.003081 0.193345 0.095251
v -0.002916 0.192940 0.127127
v 0.003095 0.193253 0.127289
v 0.002995 0.184808 0.127056
v 0.002948 0.184857 0.095252
v 0.002949 0.176324 0.126950
v 0.002886 0.176221 0.095291
v 0.002932 0.167849 0.126904
v 0.002859 0.167593 0.095338
v 0.002909 0.159349 0.126902
v 0.002862 0.158953 0.095349
v -0.002920 0.159034 0.126979
v -0.002866 0.158585 0.095502
v -0.002947 0.167397 0.126910
v -0.002967 0.167154 0.095359
v -0.002942 0.175853 0.126937
v -0.002963 0.175765 0.095284
v -0.002929 0.184335 0.127018
v -0.003014 0.175219 0.158705
v -0.003000 0.183502 0.158942
v -0.002959 0.191993 0.159150
v -0.002997 0.182455 0.190846
v -0.002939 0.191170 0.191059
v 0.002850 0.191571 0.191018
v 0.002941 0.192383 0.159166
v 0.002836 0.183008 0.190818
v 0.002923 0.183980 0.158964
v 0.002818 0.174481 0.190544
v 0.002881 0.175712 0.158734
v 0.002819 0.165978 0.190073
v 0.002871 0.167457 0.158477
v 0.002794 0.157452 0.189485
v 0.002885 0.159099 0.158213
v -0.002983 0.156988 0.189353
v -0.002907 0.158591 0.158178
v -0.003024 0.165432 0.190036
v -0.003014 0.166970 0.158446
v -0.003015 0.173920 0.190548
v -0.002916 0.163642 0.221567
v -0.002907 0.172406 0.222127
v -0.002900 0.181137 0.222507
v -0.002914 0.170790 0.253917
v -0.002901 0.179691 0.254339
v -0.002879 0.188712 0.253988
v -0.002834 0.189975 0.222848
v 0.002914 0.189111 0.255595
v 0.002868 0.190367 0.222835
v 0.002871 0.180350 0.254522
v 0.002835 0.181801 0.222528
v 0.002865 0.171451 0.253952
v 0.002823 0.173016 0.222174
v 0.002875 0.162588 0.253310
v 0.002838 0.164270 0.221812
v 0.002832 0.153565 0.252641
v 0.002847 0.155377 0.222091
v -0.002934 0.153332 0.252371
v -0.002930 0.155113 0.220347
v -0.002925 0.161932 0.253230
v -0.002899 0.150342 0.283846
v -0.002924 0.159241 0.284742
v -0.002940 0.168297 0.285598
v -0.002874 0.156006 0.316214
v -0.002902 0.165152 0.317320
v -0.002905 0.174270 0.318253
v -0.002947 0.177360 0.286376
v -0.002885 0.183638 0.319149
v -0.002948 0.186519 0.287081
v 0.002893 0.184227 0.319151
v 0.002820 0.187113 0.287166
v 0.002884 0.174964 0.318294
v 0.002860 0.177994 0.286432
v 0.002895 0.165843 0.317373
v 0.002865 0.168980 0.285645
v 0.002938 0.156739 0.316435
v 0.002883 0.159940 0.284778
v 0.003017 0.147286 0.316105
v 0.002860 0.150711 0.283805
v -0.002841 0.147053 0.314327
v 0.002900 0.143402 0.346570
v -0.002744 0.142867 0.346368
v -0.002836 0.152169 0.347790
v -0.002891 0.161645 0.349020
v -0.002919 0.167626 0.381799
v -0.002903 0.170885 0.350080
v -0.002897 0.177002 0.383263
v -0.002898 0.180372 0.351062
v 0.002933 0.177564 0.382369
v 0.002938 0.180911 0.351166
v 0.002911 0.168370 0.381805
v 0.002910 0.171619 0.350178
v 0.002894 0.159290 0.380842
v 0.002883 0.162379 0.349143
v 0.002902 0.148527 0.379617
v 0.002878 0.152915 0.347914
v 0.002934 0.139838 0.379347
v 0.002844 0.165000 0.413844
v 0.002853 0.174032 0.414290
v 0.002739 0.170766 0.441623
v 0.002797 0.162292 0.440916
v 0.002863 0.169547 0.461248
v 0.002868 0.161454 0.460208
v 0.002834 0.152227 0.458016
v 0.002847 0.152425 0.467067
v 0.002711 0.152368 0.475323
v -0.002746 0.152183 0.475624
v -0.002873 0.152071 0.467511
v -0.002898 0.151933 0.457876
v -0.002894 0.137595 0.454209
v -0.002900 0.161484 0.459948
v -0.002903 0.162100 0.440339
v -0.002896 0.169414 0.460990
v -0.002876 0.170634 0.441269
v -0.002892 0.173714 0.414007
v -0.002933 0.164509 0.413113
v -0.002878 0.116409 0.449514
v -0.002689 -0.166243 0.463264
v -0.002806 -0.157106 0.460061
v -0.002863 -0.141972 0.454569
v -0.002869 -0.145224 0.447622
v -0.002898 -0.148404 0.441180
v 0.002675 -0.148579 0.440889
v -0.002862 -0.115765 0.435530
v -0.002850 -0.118411 0.428270
v 0.002721 -0.118410 0.427844
v 0.002810 -0.115867 0.434982
v 0.002831 -0.145457 0.447491
v -0.002955 -0.083986 0.418164
v 0.002700 -0.083903 0.417526
v 0.002884 -0.082215 0.424687
v 0.002861 -0.080354 0.432218
v 0.002823 -0.113118 0.442580
v 0.002718 -0.048882 0.408260
v 0.002783 -0.046926 0.415400
v 0.002786 -0.045009 0.422994
v 0.002774 -0.043073 0.431035
v 0.002842 -0.078232 0.440298
v 0.002798 -0.010968 0.409420
v 0.002791 -0.009973 0.417648
v 0.002786 -0.008954 0.425957
v 0.002791 -0.008142 0.435520
v 0.002775 -0.041281 0.439828
v 0.002788 0.023983 0.417166
v 0.002781 0.025364 0.423617
v 0.002796 0.024948 0.434497
v 0.002824 0.025073 0.443733
v 0.002804 -0.007663 0.444326
v 0.002794 0.065147 0.443597
v 0.002809 0.064359 0.452475
v 0.002895 0.024860 0.452180
v -0.003012 0.025727 0.452584
v -0.002984 -0.007757 0.452418
v 0.002796 -0.007027 0.452294
v -0.002988 0.064532 0.452912
v -0.002972 0.065611 0.444192
v -0.003007 0.025146 0.444308
v -0.002928 0.087532 0.450761
v -0.002911 0.094722 0.444433
v -0.002951 0.024971 0.435225
v -0.002965 -0.008282 0.436108
v -0.003006 -0.007835 0.444585
v -0.002939 -0.041371 0.440228
v -0.002948 -0.039966 0.448324
v -0.002908 -0.038535 0.455976
v -0.002917 -0.073398 0.456560
v -0.002855 -0.071094 0.463885
v 0.002770 -0.071150 0.464149
v 0.002809 -0.038590 0.456006
v 0.002855 -0.073490 0.456643
v 0.002801 -0.039845 0.448290
v 0.002839 -0.075907 0.448581
v 0.002905 -0.103663 0.467258
v 0.002850 -0.106689 0.459641
v 0.002827 -0.109987 0.451066
v 0.002835 -0.133694 0.472737
v 0.002813 -0.138081 0.463428
v 0.002819 -0.142176 0.454576
v 0.002805 -0.152715 0.470111
v 0.002828 -0.157316 0.460213
v 0.002713 -0.161660 0.473874
v 0.002719 -0.166348 0.463391
v -0.002662 -0.161691 0.473597
v 0.002679 -0.156380 0.486348
v -0.002721 -0.156416 0.486165
v -0.002843 -0.147910 0.481405
v -0.002808 -0.152608 0.469976
v -0.002868 -0.133799 0.472676
v -0.002866 -0.138003 0.463417
v -0.002884 -0.106729 0.459592
v -0.002868 -0.109991 0.451210
v -0.002862 -0.113061 0.442984
v -0.002919 -0.078084 0.440715
v -0.002913 -0.080131 0.432908
v -0.002915 -0.082021 0.425429
v -0.002897 -0.044872 0.423853
v -0.002876 -0.046721 0.416322
v -0.002847 -0.048537 0.408818
v -0.002902 -0.010877 0.410331
v -0.002915 -0.011518 0.402232
v 0.002752 -0.011883 0.401567
v -0.002887 0.023219 0.401441
v 0.002802 0.021944 0.401011
v 0.002806 0.022996 0.408810
v 0.002438 0.048124 0.394902
v 0.002805 0.052643 0.401263
v 0.002882 0.060967 0.378374
v 0.002912 0.068537 0.382531
v 0.002354 0.065858 0.358192
v 0.002920 0.074937 0.360913
v 0.002945 0.084297 0.363927
v 0.002994 0.093369 0.366116
v 0.002944 0.086810 0.350443
v 0.002891 0.087209 0.342050
v -0.002244 0.087413 0.339819
v -0.002845 0.087569 0.349209
v -0.002859 0.077010 0.361308
v -0.002885 0.085565 0.363944
v -0.002908 0.094217 0.366310
v -0.002922 0.103036 0.368132
v 0.003081 0.103038 0.368631
v -0.002929 0.070084 0.383411
v -0.002925 0.061961 0.379573
v -0.002897 0.048324 0.395756
v -0.002924 0.053445 0.402348
v -0.002838 0.068483 0.358750
v -0.002879 0.023173 0.409850
v -0.002885 0.024180 0.418341
v -0.002909 -0.009952 0.418652
v -0.002928 -0.009017 0.426778
v -0.002901 0.025923 0.424574
v -0.002920 -0.043025 0.431740
v -0.002924 -0.075796 0.448731
v -0.002901 -0.103758 0.467143
v -0.002862 -0.130317 0.480033
v -0.002798 -0.127071 0.486491
v -0.002890 -0.101117 0.474264
v 0.002846 -0.126877 0.486380
v 0.002940 -0.100736 0.474313
v 0.002873 -0.130179 0.480080
v 0.002805 -0.147908 0.481494
v 0.003024 -0.009894 -0.197788
v 0.002619 -0.023727 -0.294020
v 0.002873 -0.084471 -0.252324
v 0.002939 -0.030420 -0.188573
v 0.001171 -0.048873 -0.253013
v 0.002589 -0.158897 -0.236191
v 0.002930 -0.139839 -0.256171
v -0.003060 -0.133666 -0.255789
v -0.002684 -0.159284 -0.235692
v -0.002943 -0.030300 -0.188914
v -0.002992 -0.073966 -0.245857
v -0.002893 -0.009862 -0.197656
v -0.002932 -0.023658 -0.292441
v -0.002473 -0.049174 -0.252917
v 0.002960 -0.016062 -0.189882
v 0.003000 -0.020901 -0.195981
v 0.002987 -0.011255 -0.204152
v -0.002887 -0.016111 -0.190036
v -0.002901 -0.010861 -0.203343
v 0.002678 -0.018308 -0.287164
v 0.002805 -0.032053 -0.281831
v 0.002725 -0.035374 -0.291402
v -0.000846 -0.036792 -0.296217
v -0.001017 -0.019995 -0.299717
v -0.000495 -0.012501 -0.289784
v 0.000339 -0.014595 -0.268388
v 0.002741 -0.015056 -0.277571
v -0.000359 -0.008687 -0.282943
v 0.002878 -0.054166 -0.263159
v 0.002847 -0.065178 -0.239802
v 0.002810 -0.073841 -0.232559
v 0.002835 -0.094379 -0.242590
v 0.002914 -0.085977 -0.263366
v 0.002862 -0.057148 -0.271890
v 0.002839 -0.030191 -0.180963
v 0.002913 -0.043883 -0.185402
v 0.002942 -0.037819 -0.194474
v 0.002971 -0.028654 -0.204300
v 0.002844 -0.028406 -0.271970
v 0.000563 -0.024422 -0.263936
v -0.003041 -0.027071 -0.268156
v -0.002935 -0.036241 -0.231210
v 0.002853 -0.036167 -0.230837
v 0.002893 -0.045398 -0.221097
v 0.002650 -0.158914 -0.242027
v 0.002943 -0.149581 -0.241407
v 0.002226 -0.150786 -0.235156
v -0.002853 -0.160316 -0.242201
v -0.003075 -0.151330 -0.235691
v 0.002922 -0.146886 -0.248425
v 0.002606 -0.156935 -0.250327
v 0.002860 -0.146249 -0.262390
v 0.002878 -0.121219 -0.268814
v 0.002929 -0.122980 -0.259244
v 0.002933 -0.124481 -0.250079
v -0.002947 -0.112442 -0.258580
v -0.002887 -0.115935 -0.267777
v -0.003041 -0.143706 -0.260341
v -0.003118 -0.137078 -0.248502
v -0.002974 -0.109473 -0.249724
v -0.003114 -0.150877 -0.249363
v -0.003149 -0.151466 -0.241587
v -0.002973 -0.020823 -0.195954
v -0.002989 -0.028814 -0.204546
v -0.002939 -0.037789 -0.194726
v -0.002787 -0.044182 -0.185799
v -0.002885 -0.030342 -0.181441
v -0.002958 -0.106448 -0.243540
v -0.002955 -0.078977 -0.235167
v -0.002971 -0.080570 -0.261343
v -0.003052 -0.055168 -0.267609
v -0.002966 -0.014645 -0.276529
v -0.002979 -0.034611 -0.289125
v -0.002936 -0.018365 -0.285863
v -0.003020 -0.030937 -0.279073
v -0.002991 -0.045688 -0.221539
v -0.002980 -0.055124 -0.211750
v -0.003021 -0.020164 -0.213807
v 0.002992 -0.018513 -0.212134
v -0.002903 -0.063050 -0.204627
v -0.002911 -0.083433 -0.227884
v 0.002739 -0.081689 -0.226724
v 0.002936 -0.062351 -0.204089
v -0.002773 -0.103832 -0.235675
v 0.002605 -0.100152 -0.235530
v -0.002964 -0.133689 -0.235136
v 0.002782 -0.131863 -0.235369
v 0.002930 -0.129190 -0.242679
v -0.003125 -0.135414 -0.241827
v 0.002904 -0.054664 -0.211724
v -0.003050 -0.059525 -0.277455
v -0.000856 -0.063054 -0.284091
v -0.000703 -0.085994 -0.275503
v -0.002918 -0.083782 -0.269670
v -0.000568 -0.118912 -0.273013
v 0.002889 -0.086549 -0.271263
v -0.002344 -0.148429 -0.267771
v -0.002606 -0.158897 -0.251329
v 0.002821 -0.060863 -0.279873
v 0.002767 -0.013752 -0.083060
v 0.002662 -0.025906 -0.119033
v 0.002676 -0.158680 -0.163504
v 0.002917 -0.166046 -0.074850
v -0.002964 -0.166772 -0.073847
v -0.002993 -0.157891 -0.163730
v -0.002807 -0.014019 -0.083079
v -0.002946 -0.026262 -0.119316
v 0.001936 -0.139316 -0.120604
v -0.001666 -0.140856 -0.121114
v -0.002923 -0.022182 -0.079920
v 0.002832 -0.020163 -0.079887
v 0.002682 -0.013093 -0.089754
v -0.002788 -0.012942 -0.088802
v 0.002783 -0.022977 -0.087725
v -0.002916 -0.022007 -0.114096
v 0.002618 -0.021409 -0.113309
v 0.002723 -0.033201 -0.119614
v -0.002892 -0.033667 -0.119661
v 0.002770 -0.031193 -0.110148
v -0.000171 -0.161645 -0.170241
v -0.000363 -0.149626 -0.170743
v 0.002639 -0.150452 -0.164524
v 0.002790 -0.154383 -0.152365
v 0.002752 -0.163558 -0.155181
v -0.000710 -0.168611 -0.157063
v 0.002883 -0.169952 -0.069595
v 0.002839 -0.174942 -0.083491
v 0.002903 -0.167212 -0.084620
v 0.002920 -0.159594 -0.086498
v 0.002941 -0.160098 -0.073512
v 0.002934 -0.160949 -0.065707
v -0.002857 -0.171059 -0.068422
v -0.002441 -0.161016 -0.064398
v -0.003019 -0.160137 -0.072949
v -0.003029 -0.160084 -0.085713
v -0.002972 -0.168442 -0.084256
v -0.002440 -0.176338 -0.083258
v -0.003080 -0.161262 -0.154469
v -0.003118 -0.151505 -0.150799
v -0.002933 -0.149204 -0.164555
v -0.002926 -0.023700 -0.087673
v -0.002924 -0.031482 -0.110191
v 0.001481 -0.138396 -0.147053
v -0.003045 -0.141546 -0.146998
v 0.002988 -0.152772 -0.127845
v 0.002814 -0.146184 -0.149000
v 0.003024 -0.143889 -0.104405
v 0.002938 -0.157473 -0.107522
v -0.003077 -0.155498 -0.129334
v -0.003043 -0.158732 -0.107784
v -0.003088 -0.144316 -0.105534
v -0.003080 -0.146459 -0.085489
v -0.003049 -0.111233 -0.084837
v -0.002992 -0.110565 -0.095123
v -0.002026 -0.108979 -0.105880
v -0.002953 -0.078103 -0.098259
v -0.002913 -0.080215 -0.108054
v 0.002675 -0.080207 -0.108052
v 0.001718 -0.108993 -0.105775
v 0.002776 -0.078221 -0.098706
v 0.002933 -0.110369 -0.095385
v 0.002824 -0.076540 -0.090016
v 0.002918 -0.110981 -0.084937
v 0.002944 -0.146144 -0.086786
v 0.002931 -0.110423 -0.075160
v 0.002954 -0.145305 -0.073582
v 0.002940 -0.109778 -0.066650
v 0.003006 -0.144398 -0.065229
v -0.003032 -0.109579 -0.066702
v -0.002950 -0.144299 -0.064943
v -0.003056 -0.110584 -0.075164
v -0.003063 -0.145390 -0.073589
v -0.002953 -0.073151 -0.071593
v -0.002980 -0.074698 -0.080180
v -0.002976 -0.076127 -0.089672
v -0.002999 -0.042517 -0.085192
v -0.002980 -0.044108 -0.095492
v -0.002940 -0.047106 -0.106473
v -0.002931 -0.027403 -0.098600
v -0.002859 -0.050165 -0.116042
v 0.002667 -0.049818 -0.115992
v 0.002769 -0.046928 -0.106207
v 0.002772 -0.026608 -0.098648
v 0.002802 -0.044173 -0.095544
v 0.002843 -0.042544 -0.085104
v 0.002877 -0.074856 -0.080118
v 0.002900 -0.041430 -0.076374
v 0.002905 -0.073674 -0.071469
v -0.003006 -0.041531 -0.076377
v 0.002704 -0.016661 -0.101352
v -0.002839 -0.016947 -0.101574
v -0.003036 -0.165583 -0.132004
v -0.002987 -0.168040 -0.108191
v -0.002306 -0.174070 -0.133830
v -0.002888 -0.175809 -0.108341
v 0.002739 -0.170466 -0.133033
v 0.002676 -0.174505 -0.108176
v 0.002867 -0.161916 -0.130808
v 0.002849 -0.166287 -0.108068
v 0.002687 -0.140348 -0.163040
v 0.002594 -0.135336 -0.157937
v -0.002927 -0.138985 -0.162598
v -0.000584 -0.140939 -0.170411
v 0.001369 -0.028097 0.017727
v 0.001599 -0.026449 -0.021699
v 0.002777 -0.008843 -0.039633
v 0.003060 -0.143597 0.038513
v 0.002678 -0.170366 -0.040403
v 0.002514 -0.173053 0.041641
v 0.001700 -0.142238 0.019555
v 0.002649 -0.146747 -0.040071
v 0.002353 -0.146868 -0.017507
v -0.003204 -0.144083 0.039105
v -0.003076 -0.147418 -0.019133
v -0.002953 -0.173029 0.042213
v -0.002901 -0.170488 -0.040364
v -0.003222 -0.007026 -0.040489
v -0.002217 -0.026781 0.019307
v -0.002135 -0.028985 -0.019317
v -0.002517 -0.142056 0.019629
v 0.000987 -0.028261 0.029381
v -0.003056 -0.023575 0.033632
v 0.002844 -0.050950 0.016135
v 0.002938 -0.051443 0.005160
v 0.002891 -0.026399 0.006771
v -0.003083 -0.050929 0.015892
v 0.002873 -0.014199 0.009797
v 0.002805 -0.017447 0.024035
v 0.002914 -0.025752 -0.007882
v 0.002933 -0.051777 -0.006482
v 0.002879 -0.051873 -0.017456
v -0.003038 -0.051792 -0.017540
v -0.001201 -0.029977 -0.032125
v 0.002540 -0.026041 -0.037172
v 0.002697 -0.016673 -0.039983
v 0.000011 -0.016240 -0.047373
v 0.000456 -0.004066 -0.046295
v 0.002880 -0.006204 -0.031332
v 0.002832 -0.015284 -0.027367
v 0.001026 0.001016 -0.033932
v 0.002467 -0.143597 0.031646
v -0.002942 -0.143750 0.031629
v 0.002912 -0.153126 0.041826
v 0.002962 -0.153902 0.034492
v -0.003249 -0.153160 0.041810
v 0.002754 -0.173002 -0.032788
v -0.002900 -0.173313 -0.032987
v -0.002959 -0.164373 -0.043025
v 0.002642 -0.163747 -0.043103
v 0.002873 -0.163674 -0.032006
v -0.003205 -0.174178 0.036077
v 0.002713 -0.174715 0.035901
v 0.002496 -0.166073 0.042405
v -0.003135 -0.166049 0.042412
v 0.002884 -0.165733 0.035681
v 0.002908 -0.155368 0.023977
v 0.002754 -0.117855 0.017689
v -0.003125 -0.117928 0.016974
v 0.002866 -0.143023 0.007497
v 0.002888 -0.117677 0.007043
v 0.002903 -0.155847 0.008766
v -0.002996 -0.148066 -0.039996
v -0.003002 -0.147885 -0.029685
v 0.001180 -0.146192 -0.027582
v 0.002655 -0.140661 -0.014172
v 0.002871 -0.141517 -0.005894
v 0.002910 -0.152909 -0.011737
v 0.002897 -0.153798 -0.030439
v -0.000997 -0.139650 -0.015675
v 0.002680 -0.020212 0.034554
v 0.000126 -0.019592 0.042533
v 0.000141 -0.023395 -0.046999
v -0.003055 -0.023299 -0.038289
v -0.003265 -0.154031 0.034102
v -0.003084 -0.155544 -0.031009
v -0.003212 -0.154256 -0.013566
v -0.003275 -0.142742 -0.008906
v -0.003269 -0.165754 0.035599
v -0.003047 -0.164577 -0.032170
v -0.003162 -0.014804 -0.041030
v -0.003123 -0.011024 -0.029513
v -0.003163 -0.002639 -0.032521
v -0.003097 -0.026436 0.007205
v -0.003125 -0.051371 0.004915
v -0.003063 -0.026363 -0.008097
v -0.003072 -0.014605 -0.010883
v -0.003075 -0.018735 -0.025800
v -0.003089 -0.051691 -0.006761
v -0.003193 -0.117853 0.005596
v -0.003238 -0.143704 0.006083
v -0.003219 -0.155302 0.024224
v -0.003200 -0.156408 0.007940
v -0.003139 -0.165208 -0.015083
v -0.003140 -0.165606 0.008312
v -0.003211 -0.165559 0.026581
v -0.002996 -0.173851 0.008327
v -0.003137 -0.174441 0.026972
v 0.002836 -0.173548 0.008482
v 0.002761 -0.174440 0.027024
v 0.002917 -0.164985 0.008832
v 0.002890 -0.165532 0.026322
v 0.002825 -0.173288 -0.014698
v 0.002937 -0.164177 -0.013883
v -0.003018 -0.173724 -0.015242
v -0.003217 -0.118120 -0.005773
v -0.003118 -0.084724 0.005310
v -0.003100 -0.085200 -0.006456
v -0.003062 -0.085657 -0.016597
v -0.003210 -0.118903 -0.015206
v 0.002906 -0.085519 -0.015981
v 0.002938 -0.118616 -0.013879
v 0.002946 -0.085109 -0.005331
v 0.002918 -0.117917 -0.003838
v 0.002926 -0.084620 0.006317
v 0.002859 -0.084170 0.016810
v -0.003116 -0.084228 0.016300
v -0.003064 -0.005620 -0.012411
v -0.003013 0.002678 -0.013641
v -0.003107 -0.012353 0.010068
v -0.003078 -0.002820 0.010875
v -0.002978 0.005292 0.010935
v 0.002833 0.004501 0.010907
v 0.002689 0.004035 -0.013873
v -0.003094 -0.002577 0.028011
v -0.002868 0.005504 0.029022
v 0.002815 0.002501 0.028756
v 0.002828 -0.007678 0.027331
v 0.002889 -0.004385 0.010605
v -0.002989 0.002599 0.036236
v 0.002753 0.000108 0.037717
v 0.002726 -0.010088 0.036751
v 0.001177 -0.003365 0.043176
v 0.000272 -0.011727 0.042974
v -0.003019 -0.001928 0.038105
v -0.003085 -0.012350 0.036827
v -0.003144 -0.013144 0.025246
v 0.002913 -0.012854 -0.011083
v 0.002929 -0.003897 -0.012749
v -0.002997 -0.154284 -0.043256
v 0.002693 -0.153783 -0.043378
v 0.003075 -0.026127 0.086785
v 0.003113 -0.176177 0.098067
v 0.001851 -0.192820 0.086913
v 0.003030 -0.030793 0.194389
v 0.002954 -0.042881 0.117826
v 0.001884 -0.043823 0.153449
v 0.003018 -0.018901 0.122129
v -0.001313 -0.013217 0.124956
v -0.003020 -0.030172 0.202889
v -0.003046 -0.030502 0.125600
v -0.003172 -0.176225 0.109353
v -0.003074 -0.087468 0.175849
v -0.002055 -0.040299 0.150274
v -0.001214 -0.192492 0.087522
v -0.002998 -0.174364 0.098098
v -0.003121 -0.187559 0.085770
v -0.003128 -0.026524 0.088430
v 0.003090 -0.034965 0.085675
v -0.000487 -0.034183 0.079906
v -0.001027 -0.022913 0.080807
v -0.001082 -0.015542 0.094308
v 0.003014 -0.022303 0.096384
v 0.002999 -0.036557 0.098429
v 0.000541 -0.174267 0.094672
v 0.000051 -0.157403 0.092754
v 0.003031 -0.155861 0.095327
v 0.003057 -0.153957 0.101559
v 0.003086 -0.171440 0.108124
v -0.001425 -0.183142 0.103170
v 0.000305 -0.186637 0.083430
v 0.002996 -0.042300 0.204088
v 0.002977 -0.048886 0.186892
v 0.003053 -0.039863 0.172510
v 0.000753 -0.030726 0.167291
v 0.003048 -0.024704 0.189110
v 0.002978 -0.019454 0.110895
v 0.002978 -0.068463 0.109364
v 0.003031 -0.061585 0.093016
v 0.002954 -0.034275 0.135262
v -0.000432 -0.043548 0.153538
v 0.003009 -0.051392 0.153650
v -0.000404 -0.025798 0.135814
v 0.000048 -0.098209 0.163490
v 0.002929 -0.086612 0.154760
v 0.002962 -0.068165 0.165933
v 0.000481 -0.165896 0.110054
v -0.003049 -0.170100 0.108474
v 0.003140 -0.176048 0.184860
v 0.003258 -0.163754 0.191191
v 0.003115 -0.166241 0.196634
v -0.002046 -0.167086 0.198122
v -0.003053 -0.013822 0.114046
v -0.002320 -0.038133 0.215182
v -0.003013 -0.026420 0.196506
v -0.003051 -0.040999 0.202679
v -0.003072 -0.024643 0.098792
v -0.003040 -0.036394 0.098348
v -0.003016 -0.043437 0.116409
v -0.003205 -0.175712 0.185497
v -0.003212 -0.164404 0.192892
v -0.003027 -0.076800 0.194082
v -0.003046 -0.048954 0.184712
v -0.003022 -0.068480 0.165564
v -0.003021 -0.087097 0.154727
v -0.003036 -0.049323 0.150768
v -0.003041 -0.038074 0.171752
v -0.003106 -0.155768 0.095640
v -0.003100 -0.153738 0.102087
v -0.003135 -0.035339 0.086801
v -0.000068 -0.056380 0.073326
v -0.003102 -0.058943 0.081356
v -0.003072 -0.062262 0.093322
v -0.003063 -0.069509 0.108980
v -0.003118 -0.092370 0.077831
v -0.003132 -0.091811 0.091929
v -0.003129 -0.091578 0.105990
v -0.003141 -0.124969 0.084502
v -0.003175 -0.123111 0.095271
v -0.000501 -0.123413 0.104233
v 0.003165 -0.123143 0.094930
v 0.003086 -0.091887 0.091364
v 0.000247 -0.152956 0.107142
v 0.003137 -0.092211 0.077941
v 0.003101 -0.058625 0.081352
v 0.003151 -0.125017 0.084426
v -0.000059 -0.127321 0.077532
v 0.000115 -0.093008 0.070092
v -0.003012 -0.070034 0.141998
v -0.003030 -0.086980 0.130726
v -0.003067 -0.098739 0.143629
v 0.002965 -0.086419 0.130641
v 0.002953 -0.068747 0.141572
v 0.002939 -0.099425 0.143035
v -0.003063 -0.100936 0.136194
v -0.000511 -0.098177 0.122632
v 0.000742 -0.106051 0.153613
v -0.003023 -0.071132 0.211063
v -0.003097 -0.106438 0.212042
v -0.000895 -0.107598 0.222139
v -0.001158 -0.070742 0.222457
v -0.003086 -0.107495 0.199363
v -0.003219 -0.136980 0.196854
v -0.003274 -0.139087 0.204673
v 0.000391 -0.112110 0.189268
v 0.001091 -0.136473 0.191408
v 0.001891 -0.162072 0.186494
v -0.003237 -0.162508 0.187981
v 0.003012 -0.107021 0.202091
v 0.003154 -0.137947 0.200948
v 0.003056 -0.106580 0.214912
v 0.003170 -0.140958 0.208826
v -0.001448 -0.142627 0.212880
v 0.002959 -0.076825 0.195665
v 0.002979 -0.071785 0.212914
v -0.001660 -0.171786 0.182289
v 0.001635 -0.172099 0.182162
v 0.003146 -0.177196 0.190788
v -0.003076 -0.175391 0.191568
v 0.002784 -0.173914 0.237443
v 0.002678 -0.175942 0.261127
v 0.002993 -0.160315 0.360379
v 0.003066 -0.168239 0.335882
v 0.002736 -0.123795 0.275019
v 0.002141 -0.126249 0.320120
v 0.002791 -0.050615 0.306368
v 0.002893 -0.043979 0.286621
v 0.002891 -0.097842 0.280154
v 0.002933 -0.023115 0.274174
v -0.003252 -0.022699 0.274636
v -0.003087 -0.036017 0.319479
v -0.003064 -0.046665 0.283095
v -0.002083 -0.094032 0.314287
v -0.001800 -0.127925 0.321308
v -0.002938 -0.160642 0.360584
v -0.003155 -0.168165 0.335846
v -0.002771 -0.176102 0.261070
v -0.002785 -0.174570 0.237128
v -0.002938 -0.122613 0.272402
v 0.002878 -0.176923 0.243622
v -0.002762 -0.177288 0.243907
v -0.002914 -0.165064 0.237955
v 0.002794 -0.166832 0.236939
v 0.002843 -0.167155 0.245246
v -0.002724 -0.178103 0.254157
v 0.002770 -0.177864 0.254502
v 0.002789 -0.168144 0.255067
v 0.002700 -0.169499 0.264323
v -0.002880 -0.169642 0.264652
v 0.002986 -0.148811 0.359433
v -0.003011 -0.149441 0.359338
v 0.003032 -0.165173 0.354126
v 0.002968 -0.151638 0.349910
v -0.003027 -0.165402 0.353820
v 0.002927 -0.155267 0.329490
v 0.002975 -0.153412 0.339516
v 0.003098 -0.168931 0.343608
v -0.003151 -0.169024 0.343244
v -0.003069 -0.155378 0.329500
v 0.002876 -0.121901 0.262595
v 0.002916 -0.097538 0.268412
v 0.002766 -0.149952 0.267597
v 0.002831 -0.148651 0.257146
v 0.002798 -0.120603 0.296764
v -0.002931 -0.123134 0.297502
v -0.001749 -0.127457 0.274291
v -0.003034 -0.149597 0.267238
v 0.002869 -0.100151 0.315083
v 0.002892 -0.102613 0.328540
v 0.002900 -0.128900 0.333773
v 0.002849 -0.102387 0.296408
v 0.000067 -0.067364 0.307613
v 0.002790 -0.072248 0.312884
v -0.003029 -0.099463 0.297411
v 0.001480 -0.054022 0.294557
v 0.002828 -0.048291 0.315911
v 0.002818 -0.072395 0.321889
v 0.002879 -0.035516 0.296224
v 0.002899 -0.032817 0.313165
v 0.002896 -0.071158 0.274925
v 0.002923 -0.068921 0.266453
v 0.002933 -0.042175 0.274516
v 0.002934 -0.030622 0.279092
v 0.002871 -0.072516 0.282363
v -0.003025 -0.072287 0.280433
v -0.002915 -0.097416 0.278773
v 0.002918 -0.025354 0.310055
v 0.000472 -0.019640 0.314346
v 0.002849 -0.029815 0.322923
v 0.002926 -0.022108 0.280913
v 0.002898 -0.028807 0.270320
v -0.003182 -0.020339 0.281597
v -0.003199 -0.028122 0.271964
v -0.003158 -0.029781 0.282416
v -0.003021 -0.049234 0.324475
v -0.000572 -0.046596 0.329195
v -0.002720 -0.030097 0.323654
v -0.003129 -0.035596 0.312773
v -0.003043 -0.053732 0.317336
v -0.003210 -0.024138 0.314067
v -0.003023 -0.070779 0.273409
v -0.002986 -0.056091 0.286892
v -0.003122 -0.041985 0.270724
v -0.003034 -0.068362 0.264360
v -0.003110 -0.042911 0.300039
v -0.003201 -0.027034 0.299264
v -0.002974 -0.109133 0.317699
v -0.002930 -0.106135 0.327363
v -0.002900 -0.085068 0.320727
v -0.003025 -0.113302 0.297555
v -0.002951 -0.129833 0.333167
v -0.003099 -0.153851 0.339149
v -0.003066 -0.152026 0.349443
v -0.002880 -0.168242 0.256070
v -0.002919 -0.167095 0.246398
v -0.002925 -0.095986 0.266229
v -0.003012 -0.121621 0.258362
v -0.003046 -0.148270 0.251082
v -0.003033 -0.149657 0.261297
v -0.003021 -0.060438 0.309926
v -0.002897 -0.080567 0.327228
v -0.002926 -0.103187 0.335214
v -0.002956 -0.100022 0.342743
v -0.002897 -0.076303 0.333979
v 0.002062 -0.098517 0.345181
v 0.000453 -0.073093 0.337265
v 0.002933 -0.100687 0.337175
v 0.002859 -0.072691 0.330629
v 0.002873 -0.046746 0.324921
v 0.002971 -0.124456 0.352641
v 0.002918 -0.126915 0.343883
v -0.002943 -0.124872 0.351738
v -0.002970 -0.127496 0.342817
v -0.003074 -0.119470 0.249645
v -0.003064 -0.146524 0.242331
v 0.001082 -0.118488 0.246060
v 0.002627 -0.146097 0.240184
v 0.002972 -0.120080 0.253122
v 0.002881 -0.147745 0.248297
v 0.002975 -0.095074 0.259491
v 0.000628 -0.093463 0.254030
v 0.000642 -0.067173 0.259879
v -0.002894 -0.094266 0.257506
v 0.001133 -0.040924 0.266362
v -0.000887 -0.019577 0.298335
v 0.002894 -0.023717 0.297383
vt 0.341094 0.000174
vt 0.345033 0.006362
vt 0.338194 0.009414
vt 0.334609 0.000814
vt 0.635819 0.932014
vt 0.629955 0.931707
vt 0.630004 0.924938
vt 0.635785 0.924872
vt 0.718029 0.413048
vt 0.717993 0.419226
vt 0.712264 0.418056
vt 0.712155 0.412877
vt 0.642157 0.000174
vt 0.642127 0.006730
vt 0.636577 0.007003
vt 0.636626 0.000283
vt 0.718029 0.441967
vt 0.712466 0.441513
vt 0.712473 0.436297
vt 0.717993 0.435788
vt 0.314891 0.012411
vt 0.319440 0.007461
vt 0.323460 0.015874
vt 0.316347 0.018816
vt 0.718697 0.166973
vt 0.718543 0.171481
vt 0.713268 0.171227
vt 0.713205 0.166629
vt 0.314891 0.963401
vt 0.319388 0.957619
vt 0.323553 0.961961
vt 0.316865 0.967521
vt 0.648982 0.452800
vt 0.643461 0.452261
vt 0.643570 0.446173
vt 0.648817 0.446327
vt 0.346236 0.999724
vt 0.341938 0.995961
vt 0.348215 0.989183
vt 0.352405 0.993631
vt 0.643768 0.239005
vt 0.643461 0.231055
vt 0.648869 0.230985
vt 0.648565 0.238907
vt 0.718283 0.210654
vt 0.713482 0.210916
vt 0.713205 0.205932
vt 0.718469 0.205835
vt 0.509816 0.791306
vt 0.509002 0.797010
vt 0.501422 0.796664
vt 0.506684 0.788550
vt 0.689240 0.444762
vt 0.685884 0.444662
vt 0.684706 0.426544
vt 0.690180 0.424463
vt 0.543960 0.836070
vt 0.547512 0.855010
vt 0.520517 0.860234
vt 0.529538 0.833838
vt 0.566769 0.837311
vt 0.571487 0.848549
vt 0.736268 0.412877
vt 0.736164 0.419161
vt 0.730660 0.418647
vt 0.730660 0.413424
vt 0.532219 0.783548
vt 0.535344 0.790184
vt 0.527606 0.792633
vt 0.525535 0.784006
vt 0.689187 0.220090
vt 0.683578 0.219964
vt 0.683587 0.213064
vt 0.689347 0.212795
vt 0.550871 0.868278
vt 0.524648 0.876563
vt 0.509876 0.855251
vt 0.520412 0.831711
vt 0.585725 0.836205
vt 0.593976 0.859813
vt 0.577629 0.862641
vt 0.599326 0.833085
vt 0.604765 0.857628
vt 0.575726 0.829921
vt 0.727952 0.166629
vt 0.732740 0.166681
vt 0.732971 0.173042
vt 0.727801 0.172955
vt 0.629607 0.886055
vt 0.623574 0.887994
vt 0.621629 0.881428
vt 0.628715 0.880380
vt 0.635163 0.000542
vt 0.635476 0.006194
vt 0.629961 0.005875
vt 0.630369 0.000174
vt 0.676739 0.228219
vt 0.676739 0.238538
vt 0.671485 0.238360
vt 0.672318 0.229416
vt 0.580744 0.884701
vt 0.579669 0.875293
vt 0.596113 0.874885
vt 0.597022 0.883990
vt 0.557774 0.884553
vt 0.553888 0.877991
vt 0.587232 0.893494
vt 0.599046 0.893557
vt 0.727765 0.208837
vt 0.727765 0.197839
vt 0.732952 0.197954
vt 0.733014 0.208657
vt 0.042312 0.893565
vt 0.030846 0.893543
vt 0.032953 0.884381
vt 0.047003 0.885582
vt 0.085878 0.835679
vt 0.081784 0.854620
vt 0.059360 0.847478
vt 0.065166 0.837538
vt 0.099135 0.833396
vt 0.107898 0.860419
vt 0.000174 0.886161
vt 0.001200 0.880482
vt 0.008139 0.881494
vt 0.006289 0.887981
vt 0.044847 0.834295
vt 0.047057 0.803189
vt 0.055138 0.803988
vt 0.054350 0.828095
vt 0.031327 0.831567
vt 0.037028 0.801539
vt 0.053372 0.862149
vt 0.036411 0.858637
vt 0.025501 0.856590
vt 0.124671 0.798801
vt 0.119478 0.795504
vt 0.123221 0.788323
vt 0.128485 0.796433
vt 0.098203 0.783624
vt 0.104161 0.783111
vt 0.102150 0.791699
vt 0.094660 0.789694
vt 0.108024 0.831623
vt 0.118538 0.855708
vt 0.104138 0.876673
vt 0.078203 0.868205
vt 0.283414 0.999826
vt 0.277298 0.993676
vt 0.281597 0.989035
vt 0.287764 0.995917
vt 0.314543 0.962826
vt 0.313078 0.967185
vt 0.306066 0.961639
vt 0.310276 0.957473
vt 0.314543 0.012173
vt 0.313316 0.018816
vt 0.306611 0.015672
vt 0.310895 0.007570
vt 0.288539 0.000174
vt 0.294121 0.000391
vt 0.291539 0.008999
vt 0.284845 0.006052
vt 0.302797 0.003479
vt 0.299083 0.012281
vt 0.292546 0.026732
vt 0.285441 0.023345
vt 0.278516 0.019938
vt 0.273924 0.048099
vt 0.266816 0.044693
vt 0.630070 0.909739
vt 0.630146 0.882509
vt 0.635601 0.882506
vt 0.635628 0.909635
vt 0.351418 0.020268
vt 0.363139 0.044908
vt 0.355957 0.048293
vt 0.344372 0.023693
vt 0.348755 0.051643
vt 0.337374 0.027097
vt 0.330895 0.012602
vt 0.327303 0.003500
vt 0.330305 0.030316
vt 0.341496 0.054954
vt 0.334366 0.058077
vt 0.323286 0.033412
vt 0.642144 0.022689
vt 0.642291 0.049477
vt 0.636714 0.049681
vt 0.636623 0.022775
vt 0.306595 0.033281
vt 0.295430 0.058044
vt 0.288349 0.054778
vt 0.299610 0.029984
vt 0.281114 0.051460
vt 0.275234 0.082260
vt 0.268122 0.078867
vt 0.261057 0.075547
vt 0.255488 0.106566
vt 0.248249 0.103447
vt 0.240846 0.100295
vt 0.253773 0.072183
vt 0.630274 0.852250
vt 0.630352 0.821445
vt 0.635893 0.821767
vt 0.635754 0.852308
vt 0.376124 0.072357
vt 0.388967 0.100220
vt 0.381699 0.103642
vt 0.368867 0.075753
vt 0.374462 0.106789
vt 0.361783 0.079083
vt 0.367174 0.109841
vt 0.354622 0.082420
vt 0.359795 0.112871
vt 0.347381 0.085519
vt 0.642494 0.079473
vt 0.642588 0.109214
vt 0.637149 0.109167
vt 0.636990 0.080178
vt 0.282208 0.085944
vt 0.270074 0.112594
vt 0.262810 0.109621
vt 0.258944 0.140528
vt 0.251520 0.137545
vt 0.244149 0.134579
vt 0.239735 0.165626
vt 0.232752 0.162694
vt 0.225699 0.159817
vt 0.236721 0.131616
vt 0.218384 0.157166
vt 0.229321 0.128705
vt 0.630326 0.790822
vt 0.630304 0.760346
vt 0.635892 0.760942
vt 0.635945 0.790789
vt 0.400763 0.128911
vt 0.411382 0.156816
vt 0.404250 0.159977
vt 0.393252 0.131834
vt 0.397227 0.162898
vt 0.385812 0.134793
vt 0.390204 0.165822
vt 0.378435 0.137750
vt 0.383093 0.168735
vt 0.371053 0.140816
vt 0.642711 0.139199
vt 0.642842 0.169379
vt 0.637282 0.169598
vt 0.637189 0.139106
vt 0.642938 0.199501
vt 0.637328 0.199136
vt 0.246862 0.168759
vt 0.235635 0.196247
vt 0.228246 0.193711
vt 0.225756 0.224580
vt 0.218035 0.221979
vt 0.210230 0.219222
vt 0.221058 0.190957
vt 0.202493 0.216233
vt 0.213870 0.187943
vt 0.195134 0.212431
vt 0.206723 0.184800
vt 0.630352 0.730409
vt 0.630438 0.700500
vt 0.636055 0.698433
vt 0.635918 0.730444
vt 0.423187 0.184996
vt 0.435581 0.214574
vt 0.427626 0.216600
vt 0.416109 0.188142
vt 0.419817 0.219429
vt 0.408956 0.191140
vt 0.412005 0.222156
vt 0.401789 0.193931
vt 0.404271 0.224709
vt 0.394484 0.196783
vt 0.422070 0.250660
vt 0.414308 0.253272
vt 0.643024 0.229052
vt 0.642965 0.259287
vt 0.637381 0.259574
vt 0.637406 0.229106
vt 0.643070 0.289643
vt 0.637457 0.289638
vt 0.215567 0.253343
vt 0.205854 0.281823
vt 0.197889 0.279161
vt 0.207978 0.250494
vt 0.189983 0.276442
vt 0.200173 0.247720
vt 0.182117 0.273570
vt 0.192459 0.244987
vt 0.174285 0.270630
vt 0.184630 0.242251
vt 0.630394 0.668883
vt 0.630427 0.638679
vt 0.636086 0.638653
vt 0.636029 0.668963
vt 0.445388 0.242363
vt 0.455819 0.270824
vt 0.447988 0.273739
vt 0.437655 0.245156
vt 0.440119 0.276606
vt 0.429903 0.247920
vt 0.432204 0.279336
vt 0.450299 0.305100
vt 0.442374 0.307995
vt 0.434668 0.311731
vt 0.424319 0.281970
vt 0.452300 0.336546
vt 0.444276 0.339553
vt 0.643067 0.321113
vt 0.643029 0.350516
vt 0.637430 0.349673
vt 0.637517 0.318982
vt 0.196194 0.309568
vt 0.185973 0.338554
vt 0.177886 0.336296
vt 0.187826 0.307624
vt 0.169797 0.333657
vt 0.179817 0.304926
vt 0.161792 0.330933
vt 0.171850 0.302116
vt 0.153718 0.328151
vt 0.163920 0.299346
vt 0.630440 0.608150
vt 0.630536 0.577590
vt 0.636018 0.577591
vt 0.635898 0.608241
vt 0.466177 0.299418
vt 0.476354 0.328330
vt 0.468365 0.331078
vt 0.458289 0.302254
vt 0.460349 0.333815
vt 0.477884 0.360041
vt 0.469742 0.362623
vt 0.461531 0.365253
vt 0.478791 0.391557
vt 0.470795 0.394086
vt 0.462713 0.396644
vt 0.453359 0.367891
vt 0.643078 0.380265
vt 0.643113 0.410489
vt 0.637376 0.410687
vt 0.637490 0.380259
vt 0.176678 0.367700
vt 0.167291 0.396657
vt 0.159400 0.393990
vt 0.168640 0.365101
vt 0.151403 0.391438
vt 0.160450 0.362468
vt 0.143358 0.388998
vt 0.152309 0.359874
vt 0.135197 0.386726
vt 0.144176 0.357304
vt 0.630495 0.546921
vt 0.630332 0.516186
vt 0.636039 0.516511
vt 0.635970 0.546881
vt 0.486055 0.357470
vt 0.494832 0.386575
vt 0.486832 0.389103
vt 0.503597 0.415957
vt 0.495634 0.418357
vt 0.487613 0.420791
vt 0.504659 0.447203
vt 0.496681 0.449761
vt 0.488713 0.452341
vt 0.479659 0.423205
vt 0.480650 0.454994
vt 0.471405 0.425501
vt 0.643086 0.440626
vt 0.643051 0.471530
vt 0.637441 0.471485
vt 0.637463 0.440923
vt 0.158633 0.425626
vt 0.149526 0.454803
vt 0.141540 0.452202
vt 0.150566 0.423123
vt 0.133570 0.449624
vt 0.142596 0.420670
vt 0.125596 0.447082
vt 0.134558 0.418222
vt 0.117420 0.444568
vt 0.126464 0.415724
vt 0.630295 0.485930
vt 0.630279 0.455717
vt 0.636187 0.455854
vt 0.636229 0.485884
vt 0.630340 0.425448
vt 0.636118 0.425403
vt 0.512636 0.444608
vt 0.521843 0.473648
vt 0.513971 0.476170
vt 0.531444 0.502553
vt 0.523664 0.505105
vt 0.515840 0.507688
vt 0.506135 0.478720
vt 0.508042 0.510275
vt 0.498290 0.481304
vt 0.500202 0.512907
vt 0.490410 0.483934
vt 0.642949 0.502048
vt 0.643054 0.532606
vt 0.637504 0.532573
vt 0.637418 0.502066
vt 0.139750 0.483804
vt 0.130026 0.512742
vt 0.122269 0.510182
vt 0.131982 0.481199
vt 0.114462 0.507592
vt 0.124136 0.478610
vt 0.106635 0.504996
vt 0.116303 0.476055
vt 0.098755 0.502384
vt 0.108295 0.473443
vt 0.097010 0.533816
vt 0.089065 0.531230
vt 0.630337 0.394979
vt 0.630352 0.364551
vt 0.636113 0.364511
vt 0.636099 0.394948
vt 0.630361 0.334012
vt 0.636119 0.333851
vt 0.541073 0.531430
vt 0.550377 0.560657
vt 0.542611 0.562920
vt 0.533337 0.533918
vt 0.534848 0.565308
vt 0.525477 0.536483
vt 0.527110 0.567750
vt 0.517627 0.539054
vt 0.519362 0.570238
vt 0.509756 0.541596
vt 0.643047 0.562824
vt 0.643104 0.593013
vt 0.637517 0.593088
vt 0.637553 0.562974
vt 0.120450 0.541614
vt 0.110815 0.570170
vt 0.103212 0.567655
vt 0.112682 0.538973
vt 0.095498 0.565201
vt 0.104856 0.536379
vt 0.087744 0.562789
vt 0.086764 0.594339
vt 0.079145 0.592128
vt 0.071346 0.589828
vt 0.079869 0.560365
vt 0.070748 0.621511
vt 0.062744 0.619150
vt 0.630298 0.303388
vt 0.630299 0.272870
vt 0.635847 0.272900
vt 0.635952 0.303364
vt 0.558924 0.589965
vt 0.567518 0.619232
vt 0.559654 0.621559
vt 0.551206 0.592242
vt 0.551802 0.623807
vt 0.543603 0.594455
vt 0.543914 0.625869
vt 0.536004 0.596640
vt 0.535971 0.627832
vt 0.528309 0.598849
vt 0.643071 0.622986
vt 0.642919 0.652955
vt 0.637375 0.652834
vt 0.637510 0.622959
vt 0.102073 0.598734
vt 0.094396 0.627615
vt 0.086500 0.625763
vt 0.094357 0.596522
vt 0.078614 0.623742
vt 0.078889 0.655024
vt 0.070738 0.652965
vt 0.062670 0.650752
vt 0.062893 0.682411
vt 0.054658 0.680187
vt 0.046539 0.677222
vt 0.054516 0.648471
vt 0.630376 0.242476
vt 0.630307 0.212703
vt 0.635858 0.211157
vt 0.635839 0.242479
vt 0.575743 0.648583
vt 0.584197 0.678810
vt 0.575898 0.680399
vt 0.567846 0.650814
vt 0.567620 0.682487
vt 0.559735 0.653065
vt 0.559354 0.684499
vt 0.551658 0.655298
vt 0.550934 0.686533
vt 0.543634 0.658158
vt 0.642889 0.684211
vt 0.642803 0.713494
vt 0.637279 0.713235
vt 0.637352 0.682543
vt 0.087020 0.656412
vt 0.079257 0.686119
vt 0.071167 0.684382
vt 0.072757 0.715682
vt 0.064384 0.713889
vt 0.055879 0.712016
vt 0.058107 0.743521
vt 0.049447 0.741848
vt 0.040864 0.740025
vt 0.047391 0.710067
vt 0.032064 0.738095
vt 0.038837 0.708025
vt 0.630201 0.181086
vt 0.630211 0.150465
vt 0.635751 0.150450
vt 0.635731 0.180991
vt 0.591628 0.708169
vt 0.598370 0.738166
vt 0.589675 0.740099
vt 0.583101 0.710172
vt 0.581093 0.741933
vt 0.574655 0.712097
vt 0.572520 0.743745
vt 0.566161 0.713955
vt 0.563807 0.746215
vt 0.557464 0.715772
vt 0.642720 0.743390
vt 0.642738 0.774387
vt 0.637126 0.772685
vt 0.637196 0.743432
vt 0.642477 0.803639
vt 0.637058 0.803453
vt 0.066820 0.744424
vt 0.061244 0.774853
vt 0.052349 0.773422
vt 0.043352 0.771766
vt 0.028292 0.799886
vt 0.034620 0.770023
vt 0.019319 0.798472
vt 0.025686 0.768137
vt 0.630142 0.120003
vt 0.630085 0.089267
vt 0.635675 0.090110
vt 0.635737 0.119891
vt 0.604728 0.768317
vt 0.610820 0.797737
vt 0.602276 0.799916
vt 0.595969 0.770139
vt 0.593718 0.801699
vt 0.587245 0.771903
vt 0.583549 0.803736
vt 0.578259 0.773556
vt 0.575551 0.806037
vt 0.569194 0.775119
vt 0.642372 0.835096
vt 0.642026 0.858064
vt 0.636577 0.856481
vt 0.636792 0.833128
vt 0.608592 0.830104
vt 0.616955 0.827865
vt 0.621988 0.853732
vt 0.614057 0.855571
vt 0.626627 0.871976
vt 0.618946 0.873400
vt 0.609894 0.874106
vt 0.612726 0.882297
vt 0.615093 0.889837
vt 0.727782 0.181530
vt 0.733001 0.181744
vt 0.014867 0.889922
vt 0.017346 0.882561
vt 0.020296 0.873821
vt 0.034438 0.874682
vt 0.010984 0.872910
vt 0.016171 0.854858
vt 0.003451 0.871535
vt 0.008120 0.853203
vt 0.013304 0.827455
vt 0.021955 0.829339
vt 0.629997 0.033909
vt 0.629955 0.015065
vt 0.635471 0.014816
vt 0.635374 0.033569
vt 0.635538 0.059647
vt 0.630034 0.059924
vt 0.055123 0.876613
vt 0.717993 0.426991
vt 0.712394 0.427234
vt 0.308697 0.972002
vt 0.301307 0.966405
vt 0.289124 0.956963
vt 0.294125 0.951586
vt 0.298910 0.946647
vt 0.643535 0.431365
vt 0.648874 0.431493
vt 0.270820 0.931929
vt 0.275360 0.926089
vt 0.643630 0.401453
vt 0.648966 0.401399
vt 0.354387 0.925906
vt 0.358796 0.931668
vt 0.335493 0.951738
vt 0.330713 0.946635
vt 0.643540 0.367623
vt 0.648959 0.367468
vt 0.382814 0.906391
vt 0.386451 0.912424
vt 0.390354 0.918743
vt 0.363528 0.937786
vt 0.412019 0.887684
vt 0.415893 0.893619
vt 0.419866 0.899978
vt 0.423986 0.906740
vt 0.394656 0.925485
vt 0.446914 0.877633
vt 0.450232 0.884841
vt 0.453595 0.892114
vt 0.457137 0.900592
vt 0.428196 0.914228
vt 0.481039 0.874451
vt 0.484188 0.879926
vt 0.486997 0.889964
vt 0.489817 0.898346
vt 0.460155 0.908478
vt 0.526302 0.886480
vt 0.528185 0.894802
vt 0.492098 0.906107
vt 0.643600 0.069205
vt 0.649247 0.068388
vt 0.649304 0.100383
vt 0.643771 0.099687
vt 0.463069 0.915554
vt 0.643582 0.031468
vt 0.649125 0.031317
vt 0.101406 0.894919
vt 0.102979 0.886655
vt 0.139823 0.898623
vt 0.136868 0.905996
vt 0.643461 0.000174
vt 0.649042 0.009216
vt 0.081075 0.886215
vt 0.076377 0.878340
vt 0.142645 0.890396
vt 0.172692 0.900949
vt 0.169801 0.908544
vt 0.167434 0.915660
vt 0.201641 0.914403
vt 0.197988 0.921370
vt 0.194441 0.927924
vt 0.226044 0.938676
vt 0.221797 0.944677
vt 0.649256 0.129996
vt 0.649173 0.161552
vt 0.643785 0.161628
vt 0.643783 0.130060
vt 0.435389 0.928185
vt 0.408100 0.945147
vt 0.403767 0.938993
vt 0.431984 0.921520
vt 0.399202 0.932353
vt 0.379377 0.957508
vt 0.374387 0.951452
vt 0.368869 0.944604
vt 0.353612 0.971301
vt 0.346886 0.964102
vt 0.340559 0.957234
vt 0.335506 0.974481
vt 0.328412 0.966808
vt 0.328456 0.980531
vt 0.321111 0.972350
vt 0.718509 0.177311
vt 0.718498 0.187230
vt 0.713360 0.186866
vt 0.713342 0.177086
vt 0.718448 0.199040
vt 0.713285 0.198765
vt 0.301520 0.980085
vt 0.293028 0.989992
vt 0.286670 0.983162
vt 0.294301 0.974123
vt 0.276368 0.971070
vt 0.282913 0.963864
vt 0.255532 0.951210
vt 0.260962 0.944528
vt 0.266171 0.937930
vt 0.234959 0.925610
vt 0.239113 0.919094
vt 0.243027 0.912832
vt 0.246947 0.906788
vt 0.209632 0.900506
vt 0.213526 0.894184
vt 0.217380 0.887878
vt 0.643645 0.332900
vt 0.648978 0.333160
vt 0.182613 0.878217
vt 0.185571 0.871024
vt 0.643551 0.296977
vt 0.648982 0.297246
vt 0.443779 0.870743
vt 0.643498 0.263844
vt 0.648951 0.265003
vt 0.474447 0.860325
vt 0.477691 0.867125
vt 0.496518 0.847084
vt 0.502501 0.851559
vt 0.503380 0.828260
vt 0.511498 0.829831
vt 0.501924 0.808430
vt 0.510996 0.808252
vt 0.520411 0.808257
vt 0.529320 0.807594
vt 0.518750 0.795231
vt 0.516655 0.787464
vt 0.736042 0.428677
vt 0.735929 0.436489
vt 0.733022 0.438188
vt 0.731153 0.428187
vt 0.113706 0.785137
vt 0.110808 0.793653
vt 0.116885 0.807775
vt 0.108315 0.807670
vt 0.099736 0.807290
vt 0.091164 0.806365
vt 0.683578 0.196174
vt 0.684636 0.166753
vt 0.687991 0.166629
vt 0.689325 0.195707
vt 0.538870 0.807053
vt 0.116718 0.829950
vt 0.125246 0.828833
vt 0.132931 0.847580
vt 0.126332 0.852086
vt 0.125406 0.807943
vt 0.695625 0.178580
vt 0.700481 0.178007
vt 0.701231 0.197431
vt 0.695740 0.198671
vt 0.695601 0.170013
vt 0.698365 0.166629
vt 0.154145 0.860120
vt 0.151722 0.867797
vt 0.148316 0.875240
vt 0.179331 0.885529
vt 0.176097 0.892661
vt 0.144900 0.880410
vt 0.205637 0.907153
vt 0.230523 0.932244
vt 0.250611 0.957221
vt 0.271038 0.976754
vt 0.266188 0.981688
vt 0.246116 0.962936
vt 0.649133 0.190819
vt 0.648936 0.216300
vt 0.643535 0.216117
vt 0.643551 0.190467
vt 0.384112 0.963081
vt 0.363823 0.981738
vt 0.358967 0.976964
vt 0.343222 0.983447
vt 0.336923 0.990353
vt 0.643480 0.239353
vt 0.648596 0.239444
vt 0.695601 0.214500
vt 0.700678 0.213580
vt 0.684706 0.412805
vt 0.690157 0.413262
vt 0.072139 0.884286
vt 0.049163 0.884443
vt 0.882782 0.000174
vt 0.892091 0.002518
vt 0.888621 0.009114
vt 0.877735 0.003827
vt 0.677303 0.174042
vt 0.671639 0.173963
vt 0.671485 0.166824
vt 0.677082 0.166629
vt 0.677301 0.180166
vt 0.671664 0.179430
vt 0.803854 0.049506
vt 0.807762 0.042108
vt 0.817748 0.052084
vt 0.810651 0.058693
vt 0.806963 0.061798
vt 0.797400 0.048441
vt 0.803204 0.038036
vt 0.863862 0.086578
vt 0.842654 0.064228
vt 0.849482 0.055669
vt 0.867367 0.064839
vt 0.877061 0.069625
vt 0.876219 0.091490
vt 0.854775 0.092168
vt 0.836160 0.070216
vt 0.898790 0.014585
vt 0.905365 0.011443
vt 0.906773 0.025150
vt 0.896483 0.023349
vt 0.884334 0.019121
vt 0.824975 0.045075
vt 0.830457 0.038480
vt 0.701579 0.238638
vt 0.701579 0.214656
vt 0.705158 0.216849
vt 0.705073 0.238827
vt 0.675410 0.227871
vt 0.671917 0.227816
vt 0.671485 0.206726
vt 0.677024 0.206321
vt 0.863999 0.035964
vt 0.876099 0.040282
vt 0.906773 0.145519
vt 0.901669 0.147792
vt 0.898604 0.139378
vt 0.904541 0.138016
vt 0.695952 0.443152
vt 0.690908 0.443781
vt 0.690527 0.437585
vt 0.695847 0.437568
vt 0.809625 0.222889
vt 0.809989 0.215195
vt 0.815069 0.215712
vt 0.814664 0.223312
vt 0.881906 0.136555
vt 0.891416 0.139732
vt 0.893634 0.149269
vt 0.878939 0.144575
vt 0.863633 0.125138
vt 0.872695 0.122980
vt 0.881302 0.120750
vt 0.884621 0.748133
vt 0.882192 0.727784
vt 0.891550 0.728849
vt 0.891218 0.756371
vt 0.878668 0.753022
vt 0.873274 0.727124
vt 0.882729 0.765620
vt 0.872039 0.776652
vt 0.870154 0.769273
vt 0.875654 0.768005
vt 0.878320 0.776071
vt 0.798139 0.668058
vt 0.802429 0.657601
vt 0.812289 0.662982
vt 0.805302 0.673630
vt 0.798534 0.681673
vt 0.791218 0.669864
vt 0.795825 0.654629
vt 0.861290 0.695099
vt 0.866822 0.725780
vt 0.852558 0.702276
vt 0.877218 0.697563
vt 0.861981 0.670431
vt 0.877023 0.672516
vt 0.801416 0.647029
vt 0.806928 0.646611
vt 0.892608 0.637411
vt 0.898507 0.632296
vt 0.899233 0.648707
vt 0.892122 0.648356
vt 0.885254 0.634056
vt 0.887524 0.627694
vt 0.881928 0.647325
vt 0.832043 0.674617
vt 0.838782 0.663566
vt 0.825194 0.685685
vt 0.818834 0.652766
vt 0.671498 0.189675
vt 0.677264 0.187984
vt 0.873551 0.013270
vt 0.820462 0.694723
vt 0.846856 0.708132
vt 0.661717 0.411161
vt 0.667143 0.412445
vt 0.667240 0.433653
vt 0.661652 0.432932
vt 0.858909 0.725214
vt 0.815069 0.151247
vt 0.814968 0.170314
vt 0.809833 0.166778
vt 0.809650 0.149616
vt 0.884633 0.093816
vt 0.885205 0.074241
vt 0.815025 0.198881
vt 0.809536 0.197095
vt 0.897039 0.121526
vt 0.889604 0.122012
vt 0.865468 0.753039
vt 0.872082 0.753057
vt 0.897550 0.048552
vt 0.887891 0.044772
vt 0.667240 0.451098
vt 0.661796 0.450508
vt 0.870885 0.646320
vt 0.875715 0.632813
vt 0.887187 0.674228
vt 0.894194 0.675937
vt 0.891653 0.699250
vt 0.885702 0.698573
vt 0.897129 0.730377
vt 0.859044 0.124743
vt 0.844132 0.096877
vt 0.848080 0.095722
vt 0.875040 0.148566
vt 0.899233 0.758996
vt 0.690744 0.412805
vt 0.695952 0.417757
vt 0.695647 0.429578
vt 0.690562 0.428810
vt 0.886453 0.772595
vt 0.827739 0.080108
vt 0.830606 0.076557
vt 0.880276 0.625774
vt 0.866373 0.644869
vt 0.868177 0.634699
vt 0.730269 0.426964
vt 0.730312 0.439952
vt 0.724849 0.439714
vt 0.724782 0.426873
vt 0.724712 0.412877
vt 0.730312 0.412887
vt 0.814905 0.035550
vt 0.822756 0.031595
vt 0.807721 0.032050
vt 0.735685 0.438536
vt 0.735685 0.447631
vt 0.731652 0.451730
vt 0.730660 0.445279
vt 0.832371 0.453147
vt 0.837707 0.453393
vt 0.837793 0.461369
vt 0.832279 0.459450
vt 0.672927 0.411161
vt 0.672915 0.417553
vt 0.667673 0.416683
vt 0.667588 0.411232
vt 0.817983 0.239871
vt 0.821128 0.245955
vt 0.813672 0.248780
vt 0.811563 0.239353
vt 0.672959 0.445889
vt 0.667588 0.446216
vt 0.667636 0.441115
vt 0.672934 0.440300
vt 0.849029 0.239353
vt 0.849104 0.246231
vt 0.843729 0.246671
vt 0.843664 0.239663
vt 0.783752 0.252108
vt 0.789155 0.247707
vt 0.792345 0.257020
vt 0.783318 0.259101
vt 0.743409 0.379948
vt 0.736995 0.382894
vt 0.736312 0.371397
vt 0.742294 0.372089
vt 0.753999 0.375648
vt 0.751458 0.384478
vt 0.749723 0.389339
vt 0.828395 0.385512
vt 0.833490 0.389163
vt 0.820272 0.394172
vt 0.819061 0.386793
vt 0.817136 0.379532
vt 0.829576 0.379797
vt 0.837060 0.380480
vt 0.739646 0.600805
vt 0.734589 0.605076
vt 0.730430 0.595592
vt 0.738581 0.594484
vt 0.750792 0.594037
vt 0.749658 0.602080
vt 0.748951 0.609668
vt 0.825374 0.589520
vt 0.816617 0.593032
vt 0.812803 0.583811
vt 0.825895 0.581182
vt 0.831741 0.592921
vt 0.819343 0.599993
vt 0.831847 0.581405
vt 0.743748 0.454356
vt 0.749192 0.453148
vt 0.748444 0.463477
vt 0.740978 0.462264
vt 0.778800 0.464947
vt 0.779360 0.472022
vt 0.770231 0.470225
vt 0.773674 0.461038
vt 0.706639 0.166629
vt 0.705960 0.191914
vt 0.701579 0.191892
vt 0.703163 0.167118
vt 0.784145 0.360691
vt 0.777445 0.373695
vt 0.757084 0.367744
vt 0.758810 0.360253
vt 0.799733 0.364800
vt 0.796977 0.377855
vt 0.784080 0.574546
vt 0.808858 0.574399
vt 0.792388 0.588297
vt 0.771869 0.592059
vt 0.769269 0.578335
vt 0.750155 0.581007
vt 0.748440 0.547321
vt 0.758262 0.546363
vt 0.768513 0.544516
vt 0.760258 0.515205
vt 0.769696 0.516922
vt 0.844532 0.319794
vt 0.843664 0.292196
vt 0.849013 0.292186
vt 0.848116 0.319816
vt 0.848511 0.347085
vt 0.845070 0.348497
vt 0.797830 0.331416
vt 0.795173 0.303902
vt 0.804086 0.301844
vt 0.807805 0.332562
vt 0.812376 0.300090
vt 0.817816 0.332972
vt 0.816635 0.366662
vt 0.827165 0.332274
vt 0.829260 0.365638
vt 0.835300 0.331514
vt 0.837241 0.364629
vt 0.832195 0.579000
vt 0.832197 0.545832
vt 0.837915 0.545631
vt 0.837893 0.578912
vt 0.837437 0.594920
vt 0.832310 0.594793
vt 0.730430 0.579577
vt 0.731037 0.546301
vt 0.739165 0.547000
vt 0.738736 0.580353
vt 0.734589 0.511293
vt 0.742854 0.512506
vt 0.751980 0.513580
vt 0.746652 0.481558
vt 0.756557 0.482761
vt 0.767158 0.485290
vt 0.759014 0.466681
vt 0.776408 0.487920
vt 0.843749 0.262753
vt 0.849038 0.262427
vt 0.787063 0.274946
vt 0.796382 0.272016
vt 0.803277 0.252439
vt 0.806542 0.269200
vt 0.816508 0.267465
vt 0.821823 0.298312
vt 0.824846 0.266253
vt 0.830082 0.297035
vt 0.832215 0.511059
vt 0.832214 0.479970
vt 0.837868 0.480057
vt 0.837823 0.510544
vt 0.738187 0.480888
vt 0.800521 0.242962
vt 0.672983 0.428740
vt 0.667675 0.429005
vt 0.761536 0.456584
vt 0.795256 0.597864
vt 0.772547 0.600954
vt 0.797271 0.605931
vt 0.772931 0.608383
vt 0.649652 0.191064
vt 0.650337 0.166629
vt 0.655298 0.167321
vt 0.655023 0.191208
vt 0.655102 0.214845
vt 0.649998 0.215083
vt 0.796634 0.394168
vt 0.772774 0.390719
vt 0.774761 0.382498
vt 0.796602 0.386301
vt 0.772045 0.394172
vt 0.743546 0.362393
vt 0.748346 0.357509
vt 0.706966 0.202267
vt 0.701579 0.206760
vt 0.823707 0.571465
vt 0.831259 0.573101
vt 0.655298 0.228023
vt 0.649763 0.229152
vt 0.837915 0.604297
vt 0.832435 0.603183
vt 0.736483 0.363075
vt 0.703715 0.214308
vt 0.706927 0.207273
vt 0.701111 0.214848
vt 0.699657 0.225917
vt 0.695601 0.229489
vt 0.697603 0.215989
vt 0.711714 0.270527
vt 0.710300 0.292415
vt 0.699796 0.292937
vt 0.701226 0.268953
vt 0.839046 0.240518
vt 0.842457 0.239353
vt 0.843316 0.262246
vt 0.837639 0.262270
vt 0.704067 0.257260
vt 0.717712 0.260305
vt 0.673963 0.269127
vt 0.687194 0.268399
vt 0.688651 0.293309
vt 0.678146 0.293450
vt 0.842670 0.453147
vt 0.843926 0.477787
vt 0.838262 0.477710
vt 0.839080 0.455821
vt 0.733440 0.235903
vt 0.729689 0.238107
vt 0.730988 0.225913
vt 0.734892 0.221128
vt 0.656721 0.252355
vt 0.656421 0.259852
vt 0.649330 0.259465
vt 0.650309 0.247807
vt 0.664657 0.249791
vt 0.668493 0.258466
vt 0.662125 0.242887
vt 0.748147 0.219744
vt 0.748044 0.226339
vt 0.742878 0.226723
vt 0.742118 0.219612
vt 0.732141 0.381011
vt 0.735355 0.390118
vt 0.728337 0.390895
vt 0.725564 0.381041
vt 0.718376 0.412877
vt 0.724364 0.413383
vt 0.724364 0.422207
vt 0.718467 0.422168
vt 0.808971 0.149616
vt 0.808972 0.156969
vt 0.803551 0.156802
vt 0.803629 0.149672
vt 0.695040 0.238659
vt 0.689698 0.238750
vt 0.689695 0.232648
vt 0.695059 0.232073
vt 0.656709 0.406993
vt 0.654095 0.400669
vt 0.664719 0.400549
vt 0.664012 0.409482
vt 0.809026 0.228203
vt 0.803799 0.228766
vt 0.803491 0.222922
vt 0.809132 0.222750
vt 0.718839 0.441204
vt 0.718850 0.434575
vt 0.724240 0.434560
vt 0.724065 0.441220
vt 0.735265 0.409196
vt 0.729778 0.410813
vt 0.729529 0.402216
vt 0.735965 0.402510
vt 0.713978 0.379793
vt 0.718277 0.392345
vt 0.838614 0.349712
vt 0.837650 0.326302
vt 0.843289 0.326342
vt 0.842650 0.349549
vt 0.702444 0.380601
vt 0.701896 0.356338
vt 0.712088 0.356460
vt 0.703717 0.392872
vt 0.748147 0.237900
vt 0.744117 0.238107
vt 0.730094 0.452347
vt 0.724712 0.451677
vt 0.725855 0.441871
vt 0.730094 0.440299
vt 0.678522 0.384394
vt 0.681688 0.378437
vt 0.689617 0.379220
vt 0.684075 0.390152
vt 0.668867 0.383790
vt 0.680226 0.377468
vt 0.666175 0.391088
vt 0.646720 0.596311
vt 0.653881 0.596025
vt 0.651467 0.605856
vt 0.644091 0.604989
vt 0.702461 0.599753
vt 0.712561 0.600246
vt 0.713794 0.607584
vt 0.697101 0.606275
vt 0.736042 0.610016
vt 0.736042 0.623140
vt 0.732675 0.624772
vt 0.730430 0.616192
vt 0.692689 0.595232
vt 0.699197 0.592310
vt 0.643622 0.624010
vt 0.643461 0.617326
vt 0.649983 0.617072
vt 0.649490 0.625135
vt 0.722687 0.621931
vt 0.715613 0.624604
vt 0.714868 0.616237
vt 0.725261 0.616088
vt 0.723509 0.465440
vt 0.723994 0.472889
vt 0.712985 0.469220
vt 0.715901 0.461206
vt 0.737873 0.202576
vt 0.735239 0.194463
vt 0.740285 0.192316
vt 0.744702 0.203692
vt 0.740336 0.213239
vt 0.735239 0.208555
vt 0.666186 0.484100
vt 0.677767 0.483818
vt 0.679852 0.507700
vt 0.669345 0.507230
vt 0.703153 0.486376
vt 0.692417 0.483814
vt 0.695135 0.472569
vt 0.709398 0.476586
vt 0.721334 0.481010
vt 0.715417 0.487384
vt 0.701348 0.508199
vt 0.691028 0.508056
vt 0.665379 0.594457
vt 0.668020 0.571366
vt 0.678913 0.571342
vt 0.678335 0.596089
vt 0.660918 0.607115
vt 0.676503 0.608244
vt 0.698506 0.616767
vt 0.676107 0.617048
vt 0.658617 0.616924
vt 0.676059 0.624941
vt 0.658205 0.625427
vt 0.803511 0.214214
vt 0.803597 0.196355
vt 0.809188 0.196479
vt 0.809154 0.214248
vt 0.721279 0.410590
vt 0.703524 0.409819
vt 0.703821 0.401620
vt 0.720568 0.402065
vt 0.681331 0.409675
vt 0.682071 0.400949
vt 0.809099 0.174288
vt 0.803491 0.173795
vt 0.698622 0.624921
vt 0.689795 0.571647
vt 0.679330 0.539629
vt 0.690592 0.540135
vt 0.700298 0.540615
vt 0.698822 0.572438
vt 0.838262 0.541810
vt 0.838324 0.510030
vt 0.844032 0.509955
vt 0.844134 0.541668
vt 0.843928 0.562611
vt 0.840443 0.561495
vt 0.681871 0.357331
vt 0.679709 0.325655
vt 0.689904 0.325214
vt 0.691480 0.356616
vt 0.701053 0.324694
vt 0.711096 0.324216
vt 0.837589 0.294058
vt 0.843316 0.294095
vt 0.668811 0.539107
vt 0.696637 0.463974
vt 0.697850 0.456035
vt 0.675087 0.470323
vt 0.674356 0.461193
vt 0.674334 0.453428
vt 0.677662 0.183945
vt 0.683212 0.183955
vt 0.683230 0.207683
vt 0.677751 0.207530
vt 0.657951 0.460887
vt 0.657020 0.453148
vt 0.677651 0.166629
vt 0.683047 0.166923
vt 0.722142 0.241186
vt 0.720824 0.250938
vt 0.704796 0.247860
vt 0.705046 0.239353
vt 0.655610 0.229683
vt 0.661386 0.229683
vt 0.660829 0.237024
vt 0.655687 0.238308
vt 0.730732 0.243436
vt 0.729853 0.253202
vt 0.727794 0.262904
vt 0.735965 0.246734
vt 0.735804 0.254738
vt 0.735417 0.262270
vt 0.643611 0.469596
vt 0.643461 0.461594
vt 0.648292 0.460223
vt 0.649470 0.470206
vt 0.652480 0.480967
vt 0.643998 0.477127
vt 0.660553 0.471016
vt 0.684072 0.256067
vt 0.682437 0.247498
vt 0.681324 0.239909
vt 0.650101 0.455897
vt 0.681724 0.226965
vt 0.677651 0.225730
vt 0.730082 0.474303
vt 0.729694 0.481152
vt 0.725525 0.606430
vt 0.722430 0.600464
vt 0.649721 0.266314
vt 0.659153 0.268808
vt 0.722870 0.270630
vt 0.653787 0.391131
vt 0.656921 0.384380
vt 0.689695 0.217457
vt 0.695105 0.216223
vt 0.695152 0.222565
vt 0.689702 0.223025
vt 0.701111 0.230836
vt 0.697962 0.238183
vt 0.729689 0.219797
vt 0.733043 0.211583
vt 0.671697 0.448218
vt 0.671697 0.452628
vt 0.667803 0.452600
vt 0.667588 0.446563
vt 0.668327 0.634802
vt 0.666082 0.643029
vt 0.660702 0.641499
vt 0.663074 0.630938
vt 0.676866 0.625774
vt 0.677940 0.632474
vt 0.677954 0.646260
vt 0.658759 0.778542
vt 0.655788 0.776267
vt 0.656244 0.760023
vt 0.658906 0.758917
vt 0.665069 0.757953
vt 0.668931 0.775410
vt 0.669419 0.780095
vt 0.662634 0.785821
vt 0.645935 0.792808
vt 0.643461 0.786473
vt 0.646542 0.792571
vt 0.769682 0.653751
vt 0.777321 0.665968
vt 0.760133 0.669888
vt 0.747721 0.659395
vt 0.743997 0.650023
vt 0.765501 0.647268
vt 0.695484 0.654872
vt 0.692078 0.631732
vt 0.684010 0.677976
vt 0.669444 0.669250
vt 0.702800 0.632725
vt 0.713171 0.649069
vt 0.729115 0.660571
vt 0.729225 0.660317
vt 0.656943 0.208769
vt 0.664836 0.206008
vt 0.657369 0.228648
vt 0.655646 0.228389
vt 0.728289 0.667776
vt 0.744428 0.704949
vt 0.731280 0.713469
vt 0.724585 0.701306
vt 0.737665 0.685331
vt 0.655263 0.229500
vt 0.654246 0.234600
vt 0.649652 0.238308
vt 0.649652 0.230740
vt 0.746502 0.792027
vt 0.741038 0.790138
vt 0.748700 0.779341
vt 0.753522 0.782432
vt 0.673331 0.444804
vt 0.673362 0.434655
vt 0.678274 0.435590
vt 0.679290 0.443176
vt 0.663903 0.191026
vt 0.671138 0.191520
vt 0.660936 0.181789
vt 0.669331 0.182801
vt 0.721557 0.217829
vt 0.729341 0.224097
vt 0.729341 0.238107
vt 0.719045 0.231781
vt 0.732823 0.002737
vt 0.743210 0.001609
vt 0.734885 0.019161
vt 0.724526 0.016311
vt 0.661822 0.030853
vt 0.667270 0.026318
vt 0.663703 0.041049
vt 0.651452 0.040285
vt 0.759300 0.009462
vt 0.761544 0.020494
vt 0.745577 0.029952
vt 0.762137 0.000174
vt 0.772863 0.154299
vt 0.772743 0.148377
vt 0.783207 0.150793
vt 0.779790 0.159878
vt 0.679119 0.451671
vt 0.673331 0.451238
vt 0.673331 0.445152
vt 0.679001 0.445748
vt 0.695068 0.166281
vt 0.687595 0.159456
vt 0.692111 0.156107
vt 0.700852 0.165641
vt 0.696263 0.080780
vt 0.677383 0.073534
vt 0.681910 0.045773
vt 0.703031 0.061245
vt 0.716159 0.077149
vt 0.709630 0.089016
vt 0.713105 0.032251
vt 0.710540 0.035832
vt 0.719045 0.192047
vt 0.727417 0.192119
vt 0.722723 0.209497
vt 0.724578 0.209985
vt 0.714034 0.040850
vt 0.692463 0.033482
vt 0.796026 0.166281
vt 0.796901 0.161343
vt 0.696299 0.426296
vt 0.701915 0.412805
vt 0.705541 0.414771
vt 0.700910 0.427066
vt 0.776234 0.131927
vt 0.782641 0.132844
vt 0.701546 0.442764
vt 0.705541 0.442379
vt 0.769380 0.009629
vt 0.776037 0.005040
vt 0.778642 0.015548
vt 0.772288 0.017704
vt 0.788308 0.035496
vt 0.781097 0.039157
vt 0.770309 0.044151
vt 0.756643 0.053428
vt 0.789619 0.070186
vt 0.776213 0.071849
vt 0.762895 0.073812
vt 0.788379 0.102018
vt 0.777917 0.101936
vt 0.769518 0.103621
vt 0.671710 0.729356
vt 0.662947 0.727854
vt 0.663788 0.697747
vt 0.677661 0.699412
vt 0.771363 0.131983
vt 0.670482 0.757751
vt 0.770623 0.144660
vt 0.748088 0.396476
vt 0.746603 0.407677
vt 0.742244 0.411524
vt 0.742244 0.395079
vt 0.651022 0.696243
vt 0.658790 0.664870
vt 0.652739 0.728212
vt 0.645878 0.729456
vt 0.643461 0.695930
vt 0.797052 0.069597
vt 0.651470 0.661650
vt 0.795352 0.103167
vt 0.785644 0.133949
vt 0.719045 0.166629
vt 0.726331 0.172392
vt 0.725535 0.059053
vt 0.738814 0.073310
vt 0.728451 0.086423
vt 0.701752 0.697867
vt 0.714498 0.682594
vt 0.711743 0.711867
vt 0.705025 0.712360
vt 0.692556 0.707921
vt 0.720183 0.094892
vt 0.660462 0.070817
vt 0.665019 0.104322
vt 0.655678 0.106992
vt 0.649652 0.072223
vt 0.677161 0.103351
vt 0.684109 0.130816
vt 0.677049 0.134020
vt 0.687440 0.106153
vt 0.689207 0.129503
vt 0.741771 0.214924
vt 0.739683 0.237357
vt 0.735239 0.238107
vt 0.735239 0.213586
vt 0.752578 0.753508
vt 0.753836 0.730125
vt 0.766690 0.727040
vt 0.761431 0.756199
vt 0.744468 0.777109
vt 0.778901 0.728353
vt 0.768492 0.760115
vt 0.785594 0.730283
vt 0.772086 0.762232
vt 0.673331 0.411161
vt 0.677679 0.413020
vt 0.669860 0.138644
vt 0.764676 0.697553
vt 0.781705 0.695105
vt 0.790870 0.695393
vt 0.788372 0.663501
vt 0.696455 0.153553
vt 0.703284 0.161438
vt 0.737465 0.610128
vt 0.742420 0.610016
vt 0.741383 0.619036
vt 0.738268 0.618459
vt 0.739007 0.786027
vt 0.720863 0.719570
vt 0.655646 0.170769
vt 0.662285 0.166629
vt 0.735816 0.087344
vt 0.748218 0.082639
vt 0.722828 0.210332
vt 0.728880 0.217035
vt 0.677748 0.237632
vt 0.677086 0.232468
vt 0.680556 0.232117
vt 0.680556 0.238538
vt 0.742420 0.623196
vt 0.736389 0.622379
vt 0.738545 0.394520
vt 0.741896 0.402573
vt 0.736312 0.411524
vt 0.736312 0.401220
vt 0.745279 0.166870
vt 0.745309 0.172857
vt 0.739903 0.173183
vt 0.739924 0.166629
vt 0.712683 0.238131
vt 0.707348 0.238657
vt 0.707313 0.229700
vt 0.712771 0.231339
vt 0.643461 0.933613
vt 0.643657 0.926818
vt 0.651539 0.927919
vt 0.649060 0.937070
vt 0.745309 0.189587
vt 0.740091 0.189579
vt 0.739999 0.183013
vt 0.745266 0.183294
vt 0.665827 0.937806
vt 0.659333 0.939005
vt 0.660800 0.929799
vt 0.669487 0.931974
vt 0.689793 0.215704
vt 0.689746 0.209722
vt 0.695082 0.209898
vt 0.695010 0.215875
vt 0.797422 0.234263
vt 0.797400 0.223216
vt 0.803144 0.223797
vt 0.803098 0.234571
vt 0.761868 0.932398
vt 0.755447 0.936429
vt 0.752723 0.923133
vt 0.762065 0.921349
vt 0.742661 0.436231
vt 0.736974 0.436373
vt 0.736771 0.430013
vt 0.742573 0.430364
vt 0.737775 0.937608
vt 0.732925 0.924640
vt 0.742653 0.923830
vt 0.745069 0.939005
vt 0.742661 0.412979
vt 0.742593 0.420390
vt 0.736615 0.419978
vt 0.736713 0.412877
vt 0.655286 0.452781
vt 0.649330 0.452768
vt 0.649330 0.439924
vt 0.655068 0.439759
vt 0.684041 0.889459
vt 0.672388 0.886468
vt 0.680256 0.863815
vt 0.691412 0.865226
vt 0.674473 0.913667
vt 0.664642 0.911429
vt 0.711902 0.167074
vt 0.712857 0.187786
vt 0.707313 0.188757
vt 0.707453 0.166629
vt 0.689695 0.166629
vt 0.693988 0.170106
vt 0.695253 0.190883
vt 0.689695 0.191220
vt 0.712857 0.210292
vt 0.709070 0.211609
vt 0.726766 0.896101
vt 0.724464 0.870761
vt 0.737048 0.874392
vt 0.739523 0.899932
vt 0.705060 0.888494
vt 0.706461 0.871108
vt 0.736615 0.452619
vt 0.736615 0.436720
vt 0.742084 0.439250
vt 0.744182 0.452728
vt 0.679637 0.438882
vt 0.681814 0.412805
vt 0.684358 0.418021
vt 0.684358 0.444804
vt 0.720893 0.822741
vt 0.725034 0.843970
vt 0.720466 0.838808
vt 0.709310 0.824855
vt 0.730205 0.821439
vt 0.733598 0.844971
vt 0.712672 0.807389
vt 0.729068 0.806436
vt 0.702716 0.814534
vt 0.688980 0.839308
vt 0.681123 0.836368
vt 0.691358 0.811660
vt 0.696820 0.801092
vt 0.695935 0.841312
vt 0.655729 0.452252
vt 0.655634 0.428168
vt 0.661305 0.427828
vt 0.661305 0.451754
vt 0.689140 0.236960
vt 0.683578 0.238225
vt 0.683578 0.220437
vt 0.689152 0.221515
vt 0.726818 0.799030
vt 0.731439 0.793990
vt 0.738650 0.804508
vt 0.692852 0.793471
vt 0.699367 0.793155
vt 0.688637 0.798524
vt 0.667654 0.236767
vt 0.661734 0.236403
vt 0.661734 0.229683
vt 0.667563 0.230294
vt 0.684461 0.451368
vt 0.679466 0.451671
vt 0.679600 0.445800
vt 0.684461 0.445433
vt 0.859686 0.778572
vt 0.862757 0.783478
vt 0.852964 0.786073
vt 0.852828 0.777000
vt 0.818271 0.795610
vt 0.814795 0.808683
vt 0.810062 0.806637
vt 0.813722 0.790379
vt 0.824616 0.794558
vt 0.822031 0.812275
vt 0.822271 0.783770
vt 0.853956 0.802220
vt 0.865523 0.824247
vt 0.858979 0.826364
vt 0.851256 0.811566
vt 0.865285 0.796561
vt 0.873906 0.821066
vt 0.837454 0.800289
vt 0.836651 0.785091
vt 0.828853 0.850365
vt 0.827063 0.865076
vt 0.817568 0.863158
vt 0.821844 0.842450
vt 0.845447 0.853896
vt 0.846653 0.867091
vt 0.825458 0.883328
vt 0.814340 0.886293
vt 0.820311 0.910266
vt 0.810973 0.909748
vt 0.847658 0.876450
vt 0.650319 0.412920
vt 0.654084 0.411161
vt 0.791218 0.918298
vt 0.791317 0.907509
vt 0.800992 0.909010
vt 0.798122 0.922175
vt 0.815508 0.923061
vt 0.808545 0.924597
vt 0.887498 0.923362
vt 0.883458 0.917557
vt 0.891496 0.915390
vt 0.894277 0.924597
vt 0.910152 0.919578
vt 0.903960 0.922825
vt 0.900597 0.913358
vt 0.908441 0.910605
vt 0.871512 0.873517
vt 0.870193 0.878318
vt 0.863000 0.850137
vt 0.874807 0.847558
vt 0.884788 0.871210
vt 0.894307 0.895883
vt 0.884713 0.898196
vt 0.879049 0.898716
vt 0.829739 0.817942
vt 0.832637 0.824325
vt 0.815215 0.838794
vt 0.809805 0.861113
vt 0.802326 0.858829
vt 0.808371 0.835388
vt 0.803123 0.152494
vt 0.803144 0.175647
vt 0.798301 0.174357
vt 0.799859 0.149616
vt 0.804956 0.832660
vt 0.748166 0.847097
vt 0.753287 0.872077
vt 0.745458 0.873381
vt 0.741895 0.846088
vt 0.739555 0.191662
vt 0.733361 0.189026
vt 0.734388 0.166629
vt 0.739555 0.167373
vt 0.715232 0.238537
vt 0.713136 0.222379
vt 0.718452 0.221990
vt 0.718452 0.238204
vt 0.738936 0.820827
vt 0.757921 0.897501
vt 0.749343 0.899007
vt 0.797420 0.199564
vt 0.803096 0.199894
vt 0.796172 0.883371
vt 0.804922 0.885004
vt 0.892881 0.868314
vt 0.902472 0.893371
vt 0.845922 0.561709
vt 0.845625 0.536729
vt 0.850930 0.536453
vt 0.851120 0.560821
vt 0.707313 0.212526
vt 0.712789 0.211956
vt 0.648727 0.907376
vt 0.656954 0.881633
vt 0.663538 0.883828
vt 0.656300 0.909721
vt 0.671994 0.860616
vt 0.666934 0.858555
vt 0.675016 0.834069
vt 0.849540 0.512922
vt 0.844746 0.512935
vt 0.844482 0.489118
vt 0.850135 0.489208
vt 0.882949 0.845073
vt 0.683701 0.809685
vt 0.844672 0.465130
vt 0.850590 0.465114
vt 0.846204 0.453479
vt 0.851120 0.453147
vt 0.836828 0.777907
vt 0.821596 0.779526
vt 0.711807 0.428311
vt 0.706400 0.427676
vt 0.706647 0.412805
vt 0.711741 0.414502
vt 0.711807 0.441967
vt 0.705888 0.439218
vt 0.714903 0.796261
vt 0.661124 0.412705
vt 0.656734 0.411161
vt 0.843788 0.810354
vt 0.718232 0.215741
vt 0.714170 0.211956
s 1
usemtl tripo_mat_6243baf6-1168-4edb-b80d-7fe9d68326bb
f 1/1 22/2 23/3 24/4
f 1/5 21/6 25/7 22/8
f 1/9 24/10 26/11 21/12
f 2/13 27/14 28/15 20/16
f 2/17 20/18 29/19 30/20
f 2/21 30/22 31/23 27/24
f 3/25 32/26 33/27 19/28
f 3/29 34/30 35/31 32/32
f 3/33 19/34 36/35 34/36
f 4/37 37/38 38/39 39/40
f 4/41 39/42 40/43 18/44
f 4/45 18/46 41/47 37/48
f 42/49 43/50 44/51 45/52
f 5/53 13/54 46/55 47/56
f 5/57 48/58 7/59 49/60
f 5/57 47/61 50/62 48/58
f 6/63 51/64 52/65 16/66
f 6/67 53/68 54/69 51/70
f 6/71 16/72 55/73 53/74
f 7/59 48/58 56/75 57/76
f 7/59 58/77 59/78 49/60
f 8/79 60/80 61/81 50/62
f 8/79 62/82 63/83 60/80
f 8/79 50/62 47/61 64/84
f 9/85 14/86 65/87 66/88
f 9/89 66/90 67/91 68/92
f 9/93 68/94 69/95 14/96
f 10/97 11/98 12/99 70/100
f 10/101 71/102 72/103 73/104
f 10/101 74/105 75/106 71/102
f 11/107 10/101 73/104 76/108
f 11/109 76/110 77/111 12/112
f 12/113 77/114 78/115 70/116
f 13/117 79/118 80/119 46/120
f 13/117 81/121 17/122 79/118
f 14/123 69/124 82/125 65/126
f 15/127 83/128 84/129 85/130
f 15/127 86/131 87/132 83/128
f 15/127 80/119 88/133 89/134
f 15/127 85/130 46/120 80/119
f 15/127 89/134 90/135 86/131
f 91/136 92/137 45/138 44/139
f 16/140 52/141 93/142 55/143
f 17/122 81/121 94/144 95/145
f 17/122 96/146 97/147 79/118
f 18/148 40/149 98/150 41/151
f 19/152 33/153 99/154 36/155
f 20/156 28/157 100/158 29/159
f 21/160 26/161 101/162 25/163
f 101/162 26/161 102/164 103/165
f 101/162 103/165 104/166 105/167
f 101/162 105/167 106/168 25/163
f 106/168 105/167 107/169 108/170
f 106/171 108/172 109/173 110/174
f 106/171 110/174 22/8 25/7
f 110/175 109/176 111/177 112/178
f 110/175 112/178 23/3 22/2
f 112/178 111/177 113/179 114/180
f 112/178 114/180 115/181 23/3
f 115/181 116/182 24/4 23/3
f 115/181 114/180 117/183 31/23
f 115/181 31/23 30/22 116/182
f 117/183 114/180 113/179 118/184
f 117/183 118/184 119/185 120/186
f 117/183 120/186 27/24 31/23
f 120/187 119/188 121/189 122/190
f 120/187 122/190 28/15 27/14
f 122/191 121/192 123/193 124/194
f 122/191 124/194 100/158 28/157
f 124/194 123/193 125/195 104/166
f 124/194 104/166 103/165 100/158
f 125/195 123/193 126/196 127/197
f 125/195 127/197 128/198 107/169
f 125/195 107/169 105/167 104/166
f 128/198 127/197 129/199 130/200
f 128/198 130/200 131/201 132/202
f 128/198 132/202 108/170 107/169
f 132/203 131/204 133/205 134/206
f 132/203 134/206 109/173 108/172
f 134/207 133/208 135/209 136/210
f 134/207 136/210 111/177 109/176
f 136/210 135/209 137/211 138/212
f 136/210 138/212 113/179 111/177
f 138/212 137/211 139/213 140/214
f 138/212 140/214 118/184 113/179
f 140/214 139/213 141/215 142/216
f 140/214 142/216 119/185 118/184
f 142/217 141/218 143/219 144/220
f 142/217 144/220 121/189 119/188
f 144/221 143/222 145/223 126/196
f 144/221 126/196 123/193 121/192
f 145/223 143/222 146/224 147/225
f 145/223 147/225 148/226 129/199
f 145/223 129/199 127/197 126/196
f 148/226 147/225 149/227 150/228
f 148/226 150/228 151/229 152/230
f 148/226 152/230 130/200 129/199
f 152/230 151/229 153/231 154/232
f 152/230 154/232 131/201 130/200
f 154/233 153/234 155/235 156/236
f 154/233 156/236 133/205 131/204
f 156/237 155/238 157/239 158/240
f 156/237 158/240 135/209 133/208
f 158/240 157/239 159/241 160/242
f 158/240 160/242 137/211 135/209
f 160/242 159/241 161/243 162/244
f 160/242 162/244 139/213 137/211
f 162/244 161/243 163/245 164/246
f 162/244 164/246 141/215 139/213
f 164/247 163/248 165/249 146/250
f 164/247 146/250 143/219 141/218
f 165/249 163/248 166/251 167/252
f 165/253 167/254 168/255 149/227
f 165/253 149/227 147/225 146/224
f 168/255 167/254 169/256 170/257
f 168/255 170/257 171/258 172/259
f 168/255 172/259 150/228 149/227
f 172/259 171/258 173/260 174/261
f 172/259 174/261 151/229 150/228
f 174/261 173/260 175/262 176/263
f 174/261 176/263 153/231 151/229
f 176/264 175/265 177/266 178/267
f 176/264 178/267 155/235 153/234
f 178/268 177/269 179/270 180/271
f 178/268 180/271 157/239 155/238
f 180/271 179/270 181/272 182/273
f 180/271 182/273 159/241 157/239
f 182/273 181/272 183/274 184/275
f 182/273 184/275 161/243 159/241
f 184/275 183/274 185/276 166/277
f 184/275 166/277 163/245 161/243
f 185/276 183/274 186/278 187/279
f 185/280 187/281 188/282 169/283
f 185/280 169/283 167/252 166/251
f 188/282 187/281 189/284 190/285
f 188/286 190/287 191/288 192/289
f 188/286 192/289 170/257 169/256
f 192/289 191/288 193/290 194/291
f 192/289 194/291 171/258 170/257
f 194/291 193/290 195/292 196/293
f 194/291 196/293 173/260 171/258
f 196/293 195/292 197/294 198/295
f 196/293 198/295 175/262 173/260
f 198/296 197/297 199/298 200/299
f 198/296 200/299 177/266 175/265
f 200/300 199/301 201/302 202/303
f 200/300 202/303 179/270 177/269
f 202/303 201/302 203/304 204/305
f 202/303 204/305 181/272 179/270
f 204/305 203/304 205/306 186/278
f 204/305 186/278 183/274 181/272
f 205/306 203/304 206/307 207/308
f 205/306 207/308 208/309 189/310
f 205/306 189/310 187/279 186/278
f 208/309 207/308 209/311 210/312
f 208/313 210/314 211/315 212/316
f 208/313 212/316 190/285 189/284
f 212/317 211/318 213/319 214/320
f 212/317 214/320 191/288 190/287
f 214/320 213/319 215/321 216/322
f 214/320 216/322 193/290 191/288
f 216/322 215/321 217/323 218/324
f 216/322 218/324 195/292 193/290
f 218/324 217/323 219/325 220/326
f 218/324 220/326 197/294 195/292
f 220/327 219/328 221/329 222/330
f 220/327 222/330 199/298 197/297
f 222/331 221/332 223/333 224/334
f 222/331 224/334 201/302 199/301
f 224/334 223/333 225/335 206/307
f 224/334 206/307 203/304 201/302
f 225/335 223/333 226/336 227/337
f 225/335 227/337 228/338 209/311
f 225/335 209/311 207/308 206/307
f 228/338 227/337 229/339 230/340
f 228/338 230/340 231/341 232/342
f 228/338 232/342 210/312 209/311
f 232/343 231/344 233/345 234/346
f 232/343 234/346 211/315 210/314
f 234/347 233/348 235/349 236/350
f 234/347 236/350 213/319 211/318
f 236/350 235/349 237/351 238/352
f 236/350 238/352 215/321 213/319
f 238/352 237/351 239/353 240/354
f 238/352 240/354 217/323 215/321
f 240/354 239/353 241/355 242/356
f 240/354 242/356 219/325 217/323
f 242/357 241/358 243/359 244/360
f 242/357 244/360 221/329 219/328
f 244/361 243/362 245/363 226/336
f 244/361 226/336 223/333 221/332
f 245/363 243/362 246/364 247/365
f 245/363 247/365 248/366 229/339
f 245/363 229/339 227/337 226/336
f 248/366 247/365 249/367 250/368
f 248/366 250/368 251/369 252/370
f 248/366 252/370 230/340 229/339
f 252/370 251/369 253/371 254/372
f 252/370 254/372 231/341 230/340
f 254/373 253/374 255/375 256/376
f 254/373 256/376 233/345 231/344
f 256/377 255/378 257/379 258/380
f 256/377 258/380 235/349 233/348
f 258/380 257/379 259/381 260/382
f 258/380 260/382 237/351 235/349
f 260/382 259/381 261/383 262/384
f 260/382 262/384 239/353 237/351
f 262/384 261/383 263/385 264/386
f 262/384 264/386 241/355 239/353
f 264/387 263/388 265/389 246/390
f 264/387 246/390 243/359 241/358
f 265/389 263/388 266/391 267/392
f 265/393 267/394 268/395 249/367
f 265/393 249/367 247/365 246/364
f 268/395 267/394 269/396 270/397
f 268/395 270/397 271/398 272/399
f 268/395 272/399 250/368 249/367
f 272/399 271/398 273/400 274/401
f 272/399 274/401 251/369 250/368
f 274/401 273/400 275/402 276/403
f 274/401 276/403 253/371 251/369
f 276/404 275/405 277/406 278/407
f 276/404 278/407 255/375 253/374
f 278/408 277/409 279/410 280/411
f 278/408 280/411 257/379 255/378
f 280/411 279/410 281/412 282/413
f 280/411 282/413 259/381 257/379
f 282/413 281/412 283/414 284/415
f 282/413 284/415 261/383 259/381
f 284/415 283/414 285/416 266/417
f 284/415 266/417 263/385 261/383
f 285/416 283/414 286/418 287/419
f 285/420 287/421 288/422 269/423
f 285/420 269/423 267/392 266/391
f 288/422 287/421 289/424 290/425
f 288/426 290/427 291/428 292/429
f 288/426 292/429 270/397 269/396
f 292/429 291/428 293/430 294/431
f 292/429 294/431 271/398 270/397
f 294/431 293/430 295/432 296/433
f 294/431 296/433 273/400 271/398
f 296/433 295/432 297/434 298/435
f 296/433 298/435 275/402 273/400
f 298/436 297/437 299/438 300/439
f 298/436 300/439 277/406 275/405
f 300/440 299/441 301/442 302/443
f 300/440 302/443 279/410 277/409
f 302/443 301/442 303/444 304/445
f 302/443 304/445 281/412 279/410
f 304/445 303/444 305/446 286/418
f 304/445 286/418 283/414 281/412
f 305/446 303/444 306/447 307/448
f 305/446 307/448 308/449 289/450
f 305/446 289/450 287/419 286/418
f 308/449 307/448 309/451 310/452
f 308/453 310/454 311/455 312/456
f 308/453 312/456 290/425 289/424
f 312/457 311/458 313/459 314/460
f 312/457 314/460 291/428 290/427
f 314/460 313/459 315/461 316/462
f 314/460 316/462 293/430 291/428
f 316/462 315/461 317/463 318/464
f 316/462 318/464 295/432 293/430
f 318/464 317/463 319/465 320/466
f 318/464 320/466 297/434 295/432
f 320/467 319/468 321/469 322/470
f 320/467 322/470 299/438 297/437
f 322/471 321/472 323/473 324/474
f 322/471 324/474 301/442 299/441
f 324/474 323/473 325/475 306/447
f 324/474 306/447 303/444 301/442
f 325/475 323/473 326/476 327/477
f 325/475 327/477 328/478 309/451
f 325/475 309/451 307/448 306/447
f 328/478 327/477 329/479 330/480
f 328/478 330/480 331/481 332/482
f 328/478 332/482 310/452 309/451
f 332/483 331/484 333/485 334/486
f 332/483 334/486 311/455 310/454
f 334/487 333/488 335/489 336/490
f 334/487 336/490 313/459 311/458
f 336/490 335/489 337/491 338/492
f 336/490 338/492 315/461 313/459
f 338/492 337/491 339/493 340/494
f 338/492 340/494 317/463 315/461
f 340/494 339/493 341/495 342/496
f 340/494 342/496 319/465 317/463
f 342/497 341/498 343/499 344/500
f 342/497 344/500 321/469 319/468
f 344/501 343/502 345/503 326/476
f 344/501 326/476 323/473 321/472
f 345/503 343/502 346/504 347/505
f 345/503 347/505 348/506 329/479
f 345/503 329/479 327/477 326/476
f 348/506 347/505 349/507 350/508
f 348/506 350/508 351/509 352/510
f 348/506 352/510 330/480 329/479
f 352/510 351/509 353/511 354/512
f 352/510 354/512 331/481 330/480
f 354/513 353/514 355/515 356/516
f 354/513 356/516 333/485 331/484
f 356/517 355/518 357/519 358/520
f 356/517 358/520 335/489 333/488
f 358/520 357/519 359/521 360/522
f 358/520 360/522 337/491 335/489
f 360/522 359/521 361/523 362/524
f 360/522 362/524 339/493 337/491
f 362/524 361/523 363/525 364/526
f 362/524 364/526 341/495 339/493
f 364/527 363/528 365/529 346/530
f 364/527 346/530 343/499 341/498
f 365/529 363/528 366/531 367/532
f 365/533 367/534 368/535 349/507
f 365/533 349/507 347/505 346/504
f 368/535 367/534 84/129 83/128
f 368/535 83/128 87/132 369/536
f 368/535 369/536 350/508 349/507
f 369/536 87/132 370/537 371/538
f 369/536 371/538 351/509 350/508
f 371/538 370/537 372/539 373/540
f 371/538 373/540 353/511 351/509
f 373/541 372/542 374/543 375/544
f 373/541 375/544 355/515 353/514
f 375/545 374/546 376/547 377/548
f 375/545 377/548 357/519 355/518
f 377/548 376/547 378/549 379/550
f 377/548 379/550 359/521 357/519
f 379/550 378/549 380/551 381/552
f 379/550 381/552 361/523 359/521
f 381/552 380/551 382/553 366/554
f 381/552 366/554 363/525 361/523
f 382/553 380/551 8/79 64/84
f 382/555 64/556 85/557 84/558
f 382/555 84/558 367/532 366/531
f 380/551 378/549 62/82 8/79
f 378/549 376/547 383/559 62/82
f 383/559 376/547 374/546 384/560
f 383/559 384/560 385/561 386/562
f 383/559 386/562 63/83 62/82
f 386/562 385/561 387/563 388/564
f 386/562 388/564 389/565 63/83
f 389/565 388/564 67/91 390/566
f 389/565 390/566 73/104 72/103
f 389/565 72/103 60/80 63/83
f 390/566 67/91 66/90 391/567
f 390/566 391/567 76/108 73/104
f 391/568 66/88 65/87 392/569
f 391/568 392/569 77/111 76/110
f 392/570 393/571 78/115 77/114
f 392/570 65/126 82/125 393/571
f 393/571 394/572 395/573 78/115
f 393/571 82/125 396/574 394/572
f 396/574 397/575 90/135 394/572
f 396/574 82/125 69/124 398/576
f 396/574 398/576 399/577 397/575
f 399/577 400/578 401/579 397/575
f 399/580 398/581 387/582 385/583
f 399/580 385/583 384/584 400/585
f 401/579 370/537 87/132 86/131
f 401/579 86/131 90/135 397/575
f 401/579 400/578 372/539 370/537
f 400/585 384/584 374/543 372/542
f 398/581 69/95 68/94 387/582
f 395/573 89/134 88/133 402/586
f 395/573 402/586 70/116 78/115
f 395/573 394/572 90/135 89/134
f 388/564 387/563 68/92 67/91
f 116/587 102/588 26/11 24/10
f 116/587 30/20 29/19 102/588
f 103/165 102/164 29/159 100/158
f 99/154 33/153 403/589 404/590
f 99/154 404/590 405/591 406/592
f 99/154 406/592 407/593 36/155
f 407/594 408/595 34/36 36/35
f 407/593 406/592 409/596 410/597
f 407/594 410/598 411/599 408/595
f 411/600 412/601 413/602 408/603
f 411/599 410/598 414/604 415/605
f 411/600 415/606 416/607 412/601
f 416/607 417/608 418/609 412/601
f 416/607 415/606 419/610 420/611
f 416/607 420/611 421/612 417/608
f 421/612 422/613 423/614 417/608
f 421/612 420/611 424/615 425/616
f 421/612 425/616 426/617 422/613
f 426/617 427/618 428/619 422/613
f 426/617 425/616 429/620 430/621
f 426/617 430/621 431/622 427/618
f 431/622 432/623 433/624 427/618
f 431/622 430/621 7/59 57/76
f 431/622 57/76 434/625 432/623
f 434/625 435/626 436/627 432/623
f 434/625 57/76 56/75 75/106
f 434/625 75/106 74/105 435/626
f 436/628 437/629 438/630 439/631
f 436/627 439/632 433/624 432/623
f 436/628 435/633 440/634 437/629
f 440/635 441/636 442/637 437/638
f 440/634 435/633 74/639 443/640
f 440/635 443/641 444/642 441/636
f 442/637 445/643 446/644 447/645
f 442/637 447/645 438/646 437/638
f 442/637 441/636 96/146 445/643
f 447/645 446/644 448/647 449/648
f 447/645 449/648 450/649 438/646
f 450/649 449/648 451/650 452/651
f 450/652 452/653 453/654 454/655
f 450/652 454/655 439/631 438/630
f 454/656 453/657 455/658 456/659
f 454/656 456/659 433/624 439/632
f 456/659 455/658 457/660 428/619
f 456/659 428/619 427/618 433/624
f 457/660 455/658 458/661 459/662
f 457/660 459/662 460/663 423/614
f 457/660 423/614 422/613 428/619
f 460/663 459/662 461/664 462/665
f 460/663 462/665 463/666 418/609
f 460/663 418/609 417/608 423/614
f 463/666 462/665 464/667 465/668
f 463/666 465/668 35/31 413/602
f 463/666 413/602 412/601 418/609
f 465/668 464/667 466/669 467/670
f 465/668 467/670 32/32 35/31
f 467/671 466/672 468/673 403/674
f 467/671 403/674 33/27 32/26
f 468/673 466/672 469/675 470/676
f 468/677 470/678 471/679 472/680
f 468/677 472/680 404/590 403/589
f 472/680 471/679 473/681 474/682
f 472/680 474/682 405/591 404/590
f 474/682 473/681 475/683 476/684
f 474/682 476/684 477/685 405/591
f 477/685 409/596 406/592 405/591
f 477/685 476/684 478/686 479/687
f 477/685 479/687 480/688 409/596
f 480/688 414/689 410/597 409/596
f 480/688 479/687 481/690 482/691
f 480/688 482/691 483/692 414/689
f 483/693 419/694 415/605 414/604
f 483/692 482/691 484/695 485/696
f 483/693 485/697 486/698 419/694
f 486/699 424/615 420/611 419/610
f 486/698 485/697 487/700 488/701
f 486/699 488/702 489/703 424/615
f 489/703 429/620 425/616 424/615
f 489/703 488/702 490/704 491/705
f 489/703 491/705 58/77 429/620
f 491/705 490/704 492/706 493/707
f 491/705 493/707 59/78 58/77
f 493/707 492/706 494/708 495/709
f 493/707 495/709 496/710 59/78
f 496/710 497/711 49/60 59/78
f 496/710 495/709 43/50 498/712
f 496/710 498/712 54/69 497/711
f 498/712 43/50 42/49 499/713
f 498/712 499/713 51/70 54/69
f 499/714 42/715 45/716 500/717
f 499/714 500/717 52/65 51/64
f 500/718 45/138 92/137 501/719
f 500/718 501/719 93/142 52/141
f 501/719 92/137 502/720 503/721
f 501/719 503/721 504/722 93/142
f 504/722 503/721 94/144 81/121
f 504/722 81/121 13/117 505/723
f 504/722 505/723 55/143 93/142
f 505/724 13/725 5/726 506/727
f 505/724 506/727 53/74 55/73
f 506/728 5/57 49/60 497/711
f 506/728 497/711 54/69 53/68
f 503/721 502/720 507/729 94/144
f 507/729 508/730 509/731 510/732
f 507/729 510/732 95/145 94/144
f 507/729 502/720 511/733 508/730
f 511/734 494/735 492/736 508/737
f 511/733 502/720 92/137 91/136
f 511/734 91/738 44/739 494/735
f 510/732 509/731 487/740 512/741
f 510/732 512/741 513/742 95/145
f 513/742 512/741 484/695 514/743
f 513/742 514/743 515/744 516/745
f 513/742 516/745 17/122 95/145
f 516/745 515/744 446/644 445/643
f 516/745 445/643 96/146 17/122
f 515/744 514/743 481/690 517/746
f 515/744 517/746 448/647 446/644
f 517/746 481/690 479/687 478/686
f 517/746 478/686 518/747 448/647
f 518/747 478/686 476/684 475/683
f 518/747 475/683 519/748 451/650
f 518/747 451/650 449/648 448/647
f 519/748 475/683 473/681 520/749
f 519/748 520/749 521/750 522/751
f 519/748 522/751 452/651 451/650
f 522/752 521/753 523/754 524/755
f 522/752 524/755 453/654 452/653
f 524/756 523/757 525/758 458/661
f 524/756 458/661 455/658 453/657
f 525/758 523/757 39/40 38/39
f 525/758 38/39 526/759 461/664
f 525/758 461/664 459/662 458/661
f 526/759 38/39 37/38 469/760
f 526/759 469/760 466/669 464/667
f 526/759 464/667 462/665 461/664
f 523/754 521/753 40/43 39/42
f 521/750 520/749 98/150 40/149
f 520/749 473/681 471/679 98/150
f 514/743 484/695 482/691 481/690
f 512/741 487/740 485/696 484/695
f 509/761 490/762 488/701 487/700
f 509/763 508/737 492/736 490/764
f 495/709 494/708 44/51 43/50
f 471/679 470/678 41/151 98/150
f 470/676 469/675 37/48 41/47
f 441/636 444/642 97/147 96/146
f 430/621 429/620 58/77 7/59
f 413/602 35/31 34/30 408/603
f 97/147 444/642 402/586 88/133
f 97/147 88/133 80/119 79/118
f 85/765 64/766 47/56 46/55
f 74/767 10/768 70/116 402/586
f 443/641 74/767 402/586 444/642
f 75/106 56/75 61/81 71/102
f 72/103 71/102 61/81 60/80
f 61/81 56/75 48/58 50/62
f 527/769 541/770 542/771 543/772
f 527/773 538/774 544/775 541/776
f 527/773 543/777 545/778 538/774
f 528/779 546/780 547/781 548/782
f 528/779 548/782 549/783 550/784
f 528/779 550/784 551/785 546/780
f 529/786 555/787 531/788 556/789
f 529/786 556/789 557/790 558/791
f 529/786 559/792 560/793 555/787
f 530/794 561/795 562/796 563/797
f 530/794 542/771 541/770 561/795
f 530/794 563/797 564/798 542/771
f 531/788 555/787 565/799 566/800
f 531/801 566/802 567/803 540/804
f 531/805 540/806 568/807 569/808
f 531/788 569/809 570/810 556/789
f 532/811 571/812 572/813 573/814
f 532/815 535/816 574/817 571/818
f 532/819 573/820 575/821 535/822
f 533/823 576/824 577/825 578/826
f 533/823 578/826 579/827 580/828
f 533/823 580/828 581/829 576/824
f 534/830 582/831 583/832 584/833
f 534/830 585/834 586/835 582/831
f 534/830 584/833 587/836 585/834
f 535/837 575/838 588/839 574/840
f 536/841 589/842 590/843 591/844
f 536/841 591/844 592/845 593/846
f 536/841 593/846 544/847 589/842
f 537/848 586/835 594/849 595/850
f 537/848 596/851 582/831 586/835
f 537/848 540/852 597/853 596/851
f 538/854 545/855 589/842 544/847
f 539/856 550/857 549/858 599/859
f 539/856 600/860 551/861 550/857
f 539/856 599/859 601/862 600/860
f 540/852 537/848 602/863 568/864
f 602/863 603/865 591/844 590/843
f 602/863 590/843 604/866 568/864
f 602/863 537/848 595/850 603/865
f 604/866 590/843 589/842 545/855
f 604/867 545/778 543/777 605/868
f 604/867 605/868 569/808 568/807
f 605/869 543/772 542/771 564/798
f 605/869 564/798 570/810 569/809
f 603/865 606/870 592/845 591/844
f 603/865 595/850 607/871 606/870
f 607/872 608/873 609/874 606/875
f 607/871 595/850 594/849 610/876
f 607/877 610/878 611/879 608/880
f 611/881 558/791 557/790 608/882
f 611/879 610/878 612/883 613/884
f 611/881 613/885 614/886 558/791
f 614/886 581/829 529/786 558/791
f 614/886 613/885 573/814 572/813
f 614/886 572/813 576/824 581/829
f 613/884 612/883 575/821 573/820
f 612/887 610/876 594/849 615/888
f 612/887 615/888 588/839 575/838
f 615/888 594/849 586/835 585/834
f 615/888 585/834 587/836 588/839
f 609/889 616/890 563/797 562/796
f 609/874 562/891 592/892 606/875
f 609/889 608/882 557/790 616/890
f 616/890 570/810 564/798 563/797
f 616/890 557/790 556/789 570/810
f 601/862 567/893 598/894 600/860
f 601/862 599/859 617/895 597/853
f 601/862 597/853 540/852 567/893
f 617/895 599/859 549/858 618/896
f 617/895 618/896 619/897 620/898
f 617/895 620/898 596/851 597/853
f 620/898 619/897 621/899 583/832
f 620/898 583/832 582/831 596/851
f 621/900 619/901 622/902 579/827
f 621/900 579/827 578/826 623/903
f 621/899 623/904 584/833 583/832
f 623/905 578/906 577/907 624/908
f 623/904 624/909 587/836 584/833
f 624/908 577/907 571/818 574/817
f 624/909 574/840 588/839 587/836
f 622/902 619/901 618/910 625/911
f 622/902 625/911 560/793 559/792
f 622/902 559/792 580/828 579/827
f 625/911 618/910 549/783 548/782
f 625/911 548/782 547/781 560/793
f 600/860 598/894 554/912 551/861
f 598/894 567/893 566/913 552/914
f 593/915 592/916 562/917 561/918
f 593/915 561/918 541/919 544/920
f 581/829 580/828 559/792 529/786
f 577/825 576/824 572/813 571/812
f 566/800 565/799 553/921 552/922
f 565/799 547/781 546/780 553/921
f 565/799 555/787 560/793 547/781
f 554/923 553/921 546/780 551/785
f 552/924 553/925 554/926 598/927
f 626/928 632/929 636/930 637/931
f 626/932 638/933 639/934 632/935
f 626/936 637/937 640/938 638/939
f 627/940 633/941 641/942 642/943
f 627/944 643/945 644/946 633/947
f 627/948 642/949 645/950 643/951
f 628/952 646/953 647/954 648/955
f 628/952 648/955 649/956 650/957
f 628/952 650/957 651/958 646/953
f 629/959 652/960 653/961 654/962
f 629/959 654/962 655/963 656/964
f 629/959 656/964 657/965 652/960
f 630/966 658/967 659/968 660/969
f 630/966 660/969 661/970 662/971
f 630/966 662/971 663/972 658/967
f 631/973 664/974 665/975 666/976
f 631/973 646/977 651/978 664/974
f 631/973 666/976 647/979 646/977
f 632/980 639/981 667/982 636/983
f 633/984 644/985 668/986 641/987
f 634/988 669/989 670/990 635/991
f 634/992 671/993 672/994 669/995
f 634/992 673/996 674/997 671/993
f 635/998 670/999 665/975 675/1000
f 635/998 675/1000 676/1001 677/1002
f 677/1002 678/1003 679/1004 680/1005
f 677/1002 680/1005 681/1006 635/998
f 677/1002 676/1001 661/970 678/1003
f 681/1006 680/1005 682/1007 683/1008
f 681/1009 683/1010 684/1011 685/1012
f 681/1009 685/1012 634/1013 635/1014
f 685/1015 684/1016 686/1017 687/1018
f 685/1015 687/1018 673/996 634/992
f 687/1018 686/1017 688/1019 689/1020
f 687/1018 689/1020 690/1021 673/996
f 690/1021 689/1020 691/1022 692/1023
f 690/1021 692/1023 656/964 655/963
f 690/1021 655/963 674/997 673/996
f 692/1023 691/1022 693/1024 694/1025
f 692/1023 694/1025 657/965 656/964
f 694/1026 693/1027 695/1028 696/1029
f 694/1026 696/1029 659/1030 657/1031
f 696/1032 695/1033 697/1034 698/1035
f 696/1032 698/1035 660/969 659/968
f 698/1035 697/1034 679/1004 678/1003
f 698/1035 678/1003 661/970 660/969
f 697/1034 695/1033 699/1036 700/1037
f 697/1034 700/1037 701/1038 679/1004
f 701/1038 700/1037 702/1039 703/1040
f 701/1038 703/1040 704/1041 682/1007
f 701/1038 682/1007 680/1005 679/1004
f 704/1041 703/1040 705/1042 668/986
f 704/1041 668/986 644/985 706/1043
f 704/1041 706/1043 683/1008 682/1007
f 706/1044 644/946 643/945 707/1045
f 706/1044 707/1045 684/1011 683/1010
f 707/1046 643/951 645/950 708/1047
f 707/1046 708/1047 686/1017 684/1016
f 708/1047 645/950 709/1048 710/1049
f 708/1047 710/1049 688/1019 686/1017
f 710/1049 709/1048 640/938 711/1050
f 710/1049 711/1050 712/1051 688/1019
f 712/1051 711/1050 713/1052 714/1053
f 712/1051 714/1053 693/1024 691/1022
f 712/1051 691/1022 689/1020 688/1019
f 714/1054 713/1055 715/1056 699/1057
f 714/1054 699/1057 695/1028 693/1027
f 715/1056 713/1055 637/931 636/930
f 715/1058 636/983 667/982 702/1039
f 715/1058 702/1039 700/1037 699/1036
f 713/1052 711/1050 640/938 637/937
f 709/1048 645/950 642/949 716/1059
f 709/1048 716/1059 638/939 640/938
f 716/1060 642/943 641/942 717/1061
f 716/1060 717/1061 639/934 638/933
f 717/1062 641/987 668/986 705/1042
f 717/1062 705/1042 667/982 639/981
f 705/1042 703/1040 702/1039 667/982
f 676/1001 675/1000 718/1063 719/1064
f 676/1001 719/1064 662/971 661/970
f 719/1064 718/1063 720/1065 721/1066
f 719/1064 721/1066 663/972 662/971
f 721/1067 720/1068 722/1069 723/1070
f 721/1067 723/1070 653/1071 663/1072
f 723/1073 722/1074 724/1075 725/1076
f 723/1073 725/1076 654/962 653/961
f 725/1076 724/1075 671/993 674/997
f 725/1076 674/997 655/963 654/962
f 724/1075 722/1074 650/957 649/956
f 724/1075 649/956 672/994 671/993
f 722/1074 720/1077 651/958 650/957
f 720/1065 718/1063 664/974 651/978
f 718/1063 675/1000 665/975 664/974
f 672/994 649/956 648/955 726/1078
f 672/994 726/1078 727/1079 669/995
f 670/990 669/989 727/1080 728/1081
f 670/999 728/1082 666/976 665/975
f 728/1082 729/1083 647/979 666/976
f 663/1072 653/1071 652/1084 658/1085
f 659/1030 658/1086 652/1087 657/1031
f 648/955 647/954 729/1088 726/1078
f 729/1089 728/1081 727/1080 726/1090
f 730/1091 747/1092 748/1093 744/1094
f 730/1095 749/1096 750/1097 751/1098
f 730/1099 744/1100 752/1101 749/1102
f 730/1095 751/1098 753/1103 754/1104
f 731/1105 755/1106 756/1107 757/1108
f 731/1109 757/1110 758/1111 745/1112
f 731/1113 745/1114 759/1115 760/1116
f 732/1117 761/1118 762/1119 763/1120
f 732/1117 764/1121 765/1122 761/1118
f 732/1117 763/1120 766/1123 764/1121
f 733/1124 767/1125 768/1126 739/1127
f 733/1128 769/1129 770/1130 767/1131
f 733/1132 739/1133 771/1134 769/1135
f 734/1136 772/1137 773/1138 742/1139
f 734/1140 742/1141 774/1142 775/1143
f 734/1144 775/1145 776/1146 772/1147
f 735/1148 741/1149 777/1150 778/1151
f 735/1152 779/1153 780/1154 741/1155
f 735/1156 778/1157 781/1158 779/1159
f 736/1160 767/1131 770/1130 782/1161
f 736/1162 783/1163 784/1164 746/1165
f 736/1160 785/1166 786/1167 783/1168
f 736/1160 782/1161 787/1169 785/1166
f 736/1170 746/1171 768/1126 767/1125
f 737/1172 788/1173 789/1174 790/1175
f 738/1176 791/1177 792/1178 793/1179
f 790/1180 795/1181 791/1177 738/1176
f 738/1176 793/1179 794/1182 790/1180
f 739/1183 768/1184 800/1185 771/1186
f 740/1187 789/1188 801/1189 802/1190
f 795/1191 790/1192 789/1193 740/1194
f 740/1187 802/1190 803/1195 795/1196
f 741/1197 780/1198 804/1199 777/1200
f 742/1201 773/1202 805/1203 774/1204
f 743/1205 806/1206 807/1207 808/1208
f 743/1209 808/1210 766/1211 763/1212
f 743/1209 763/1212 762/1213 806/1214
f 744/1215 809/1216 810/1217 752/1218
f 745/1219 811/1220 812/1221 813/1222
f 745/1219 813/1222 799/1223 759/1224
f 745/1219 758/1225 814/1226 811/1220
f 746/1227 784/1228 815/1229 816/1230
f 746/1227 817/1231 800/1185 768/1184
f 746/1227 816/1230 818/1232 817/1231
f 818/1232 816/1230 803/1195 802/1190
f 818/1232 802/1190 819/1233 820/1234
f 818/1232 820/1234 821/1235 817/1231
f 821/1235 820/1234 822/1236 823/1237
f 821/1235 823/1237 777/1200 804/1199
f 821/1235 804/1199 800/1185 817/1231
f 823/1238 822/1239 824/1240 825/1241
f 823/1238 825/1241 778/1151 777/1150
f 825/1242 824/1243 826/1244 827/1245
f 825/1242 827/1245 781/1158 778/1157
f 827/1245 826/1244 787/1169 782/1161
f 827/1245 782/1161 770/1130 781/1158
f 826/1244 824/1243 828/1246 829/1247
f 826/1244 829/1247 793/1179 787/1169
f 829/1247 828/1246 772/1147 776/1146
f 829/1247 776/1146 794/1182 793/1179
f 828/1248 830/1249 773/1138 772/1137
f 828/1248 824/1240 822/1239 830/1249
f 830/1250 819/1233 805/1203 773/1202
f 830/1250 822/1236 820/1234 819/1233
f 819/1233 802/1190 801/1189 805/1203
f 816/1230 815/1229 831/1251 803/1195
f 831/1251 815/1229 832/1252 833/1253
f 831/1251 833/1253 834/1254 835/1255
f 831/1251 835/1255 795/1196 803/1195
f 835/1256 834/1257 836/1258 837/1259
f 835/1256 837/1259 791/1260 795/1261
f 837/1262 836/1263 838/1264 839/1265
f 837/1262 839/1265 792/1178 791/1177
f 839/1265 838/1264 840/1266 786/1167
f 839/1265 786/1167 785/1166 792/1178
f 840/1266 838/1264 756/1107 750/1097
f 840/1266 750/1097 749/1096 841/1267
f 840/1266 841/1267 783/1168 786/1167
f 841/1268 749/1102 752/1101 842/1269
f 841/1268 842/1269 784/1164 783/1163
f 842/1270 752/1218 810/1217 832/1252
f 842/1270 832/1252 815/1229 784/1228
f 838/1264 836/1263 757/1108 756/1107
f 836/1258 834/1257 758/1111 757/1110
f 834/1254 833/1253 814/1226 758/1225
f 833/1253 832/1252 810/1217 814/1226
f 814/1226 810/1217 809/1216 811/1220
f 813/1222 807/1207 806/1206 799/1223
f 813/1222 812/1221 843/1271 807/1207
f 843/1271 844/1272 808/1208 807/1207
f 843/1271 812/1221 845/1273 846/1274
f 843/1271 846/1274 847/1275 844/1272
f 847/1276 848/1277 849/1278 844/1279
f 847/1275 846/1274 850/1280 851/1281
f 847/1276 851/1282 852/1283 848/1277
f 852/1284 853/1285 854/1286 848/1287
f 852/1288 851/1289 855/1290 856/1291
f 852/1284 856/1292 857/1293 853/1285
f 857/1293 796/1294 754/1104 853/1285
f 857/1293 856/1292 858/1295 859/1296
f 857/1293 859/1296 797/1297 796/1294
f 859/1298 858/1299 860/1300 861/1301
f 859/1298 861/1301 748/1302 797/1303
f 861/1301 860/1300 850/1280 862/1304
f 861/1301 862/1304 744/1215 748/1302
f 862/1304 850/1280 846/1274 845/1273
f 862/1304 845/1273 809/1216 744/1215
f 854/1286 753/1103 863/1305 864/1306
f 854/1286 864/1306 849/1307 848/1287
f 854/1286 853/1285 754/1104 753/1103
f 864/1306 863/1305 765/1122 764/1121
f 864/1306 764/1121 766/1123 849/1307
f 863/1305 755/1106 731/1105 765/1122
f 863/1305 753/1103 751/1098 755/1106
f 851/1281 850/1280 860/1300 855/1308
f 849/1278 766/1309 808/1310 844/1279
f 845/1273 812/1221 811/1220 809/1216
f 806/1206 762/1311 798/1312 799/1223
f 805/1203 801/1189 865/1313 774/1204
f 804/1199 780/1198 771/1186 800/1185
f 801/1189 789/1188 788/1314 865/1313
f 798/1315 762/1119 761/1118 760/1316
f 796/1294 747/1317 730/1095 754/1104
f 794/1182 776/1146 775/1145 866/1318
f 794/1182 866/1318 737/1319 790/1180
f 793/1179 792/1178 785/1166 787/1169
f 788/1320 737/1321 866/1322 865/1323
f 865/1323 866/1322 775/1143 774/1142
f 781/1158 770/1130 769/1129 779/1159
f 780/1154 779/1153 769/1135 771/1134
f 765/1122 731/1105 760/1316 761/1118
f 756/1107 755/1106 751/1098 750/1097
f 747/1092 796/1324 797/1325 748/1093
f 759/1115 799/1326 798/1327 760/1116
f 860/1328 858/1329 856/1330 855/1331
f 867/1332 884/1333 885/1334 886/1335
f 867/1332 886/1335 887/1336 888/1337
f 867/1332 888/1337 889/1338 884/1333
f 868/1339 890/1340 891/1341 892/1342
f 868/1339 892/1342 893/1343 894/1344
f 868/1339 894/1344 877/1345 895/1346
f 868/1339 869/1347 896/1348 890/1340
f 868/1339 895/1346 880/1349 869/1347
f 870/1350 897/1351 898/1352 899/1353
f 870/1350 899/1353 900/1354 901/1355
f 871/1356 889/1338 888/1337 902/1357
f 871/1356 903/1358 904/1359 889/1338
f 871/1356 902/1357 873/1360 905/1361
f 872/1362 906/1363 900/1354 899/1353
f 905/1364 908/1365 906/1366 872/1367
f 872/1362 899/1353 907/1368 905/1361
f 878/1369 909/1370 910/1371 911/1372
f 912/1373 913/1374 877/1375 894/1376
f 983/1377 914/1378 915/1379 916/1380
f 983/1381 916/1382 917/1383 984/1384
f 873/1385 874/1386 908/1365 905/1364
f 873/1385 902/1387 918/1388 874/1386
f 870/1389 875/1390 919/1391 897/1392
f 874/1393 918/1394 876/1395 908/1396
f 875/1397 920/1398 921/1399 919/1400
f 876/1395 922/1401 923/1402 924/1403
f 876/1395 918/1394 887/1404 922/1401
f 877/1405 913/1406 881/1407 895/1408
f 984/1409 925/1410 914/1411 983/1412
f 984/1413 917/1414 926/1415 925/1416
f 878/1417 927/1418 928/1419 929/1420
f 878/1417 929/1420 930/1421 909/1422
f 879/1423 906/1424 908/1396 876/1395
f 932/1425 900/1426 906/1427 879/1428
f 879/1423 876/1395 931/1429 932/1430
f 880/1431 895/1408 881/1407 882/1432
f 881/1433 933/1434 891/1435 890/1436
f 881/1407 913/1406 934/1437 933/1438
f 882/1439 881/1433 890/1436 896/1440
f 883/1441 886/1442 885/1443 935/1444
f 883/1441 935/1444 923/1402 922/1401
f 883/1441 922/1401 887/1404 886/1442
f 935/1444 885/1443 936/1445 937/1446
f 935/1444 937/1446 938/1447 923/1402
f 938/1447 939/1448 924/1403 923/1402
f 938/1447 937/1446 940/1449 941/1450
f 938/1447 941/1450 942/1451 939/1448
f 941/1450 940/1449 943/1452 944/1453
f 941/1450 944/1453 945/1454 942/1451
f 945/1455 946/1456 947/1457 942/1458
f 945/1454 944/1453 934/1437 948/1459
f 945/1455 948/1460 893/1343 946/1456
f 948/1459 934/1437 913/1406 912/1461
f 948/1462 912/1463 894/1464 893/1465
f 947/1457 949/1466 950/1467 904/1359
f 947/1457 904/1359 903/1358 942/1458
f 947/1457 946/1456 951/1468 949/1466
f 951/1468 952/1469 953/1470 949/1466
f 951/1468 946/1456 893/1343 892/1342
f 951/1468 892/1342 891/1341 952/1469
f 953/1471 940/1449 937/1446 936/1445
f 953/1470 936/1472 950/1467 949/1466
f 953/1471 952/1473 943/1452 940/1449
f 952/1473 891/1474 933/1438 943/1452
f 950/1467 936/1472 885/1334 884/1333
f 950/1467 884/1333 889/1338 904/1359
f 944/1453 943/1452 933/1438 934/1437
f 932/1430 928/1419 921/1399 920/1398
f 932/1425 920/1475 901/1476 900/1426
f 932/1430 931/1429 929/1420 928/1419
f 931/1429 876/1395 924/1403 954/1477
f 931/1429 954/1477 930/1421 929/1420
f 954/1477 924/1403 939/1448 955/1478
f 954/1477 955/1478 956/1479 930/1421
f 957/1480 903/1358 871/1356 958/1481
f 957/1480 958/1481 910/1371 959/1482
f 957/1480 959/1482 960/1483 961/1484
f 958/1481 871/1356 905/1361 907/1368
f 958/1481 907/1368 911/1372 910/1371
f 930/1421 956/1479 962/1485 909/1422
f 928/1419 927/1418 963/1486 921/1399
f 963/1486 964/1487 965/1488 966/1489
f 963/1486 966/1489 919/1400 921/1399
f 963/1486 927/1418 967/1490 964/1487
f 967/1490 968/1491 969/1492 964/1487
f 967/1490 927/1418 878/1417 970/1493
f 967/1490 970/1493 971/1494 968/1491
f 971/1495 972/1496 973/1497 968/1498
f 971/1499 970/1500 974/1501 975/1502
f 971/1499 975/1502 915/1379 972/1503
f 975/1502 974/1501 976/1504 977/1505
f 975/1502 977/1505 916/1380 915/1379
f 977/1505 976/1504 965/1506 978/1507
f 977/1508 978/1509 917/1383 916/1382
f 978/1510 965/1488 964/1487 969/1492
f 978/1510 969/1492 926/1415 917/1414
f 976/1504 974/1501 979/1511 980/1512
f 976/1504 980/1512 966/1513 965/1506
f 980/1512 979/1511 898/1352 897/1351
f 980/1512 897/1351 919/1514 966/1513
f 979/1511 974/1501 970/1500 878/1369
f 979/1511 878/1369 911/1372 898/1352
f 973/1515 981/1516 925/1416 926/1415
f 973/1515 926/1415 969/1492 968/1491
f 973/1517 972/1518 982/1519 981/1520
f 972/1503 915/1379 914/1378 982/1521
f 959/1482 910/1371 909/1370 962/1522
f 918/1388 902/1387 888/1523 887/1524
f 960/1525 956/1479 955/1478 961/1526
f 911/1372 907/1368 899/1353 898/1352
f 901/1527 920/1528 875/1390 870/1389
f 880/1529 882/1530 896/1531 869/1532
f 981/1520 982/1519 914/1533 925/1534
f 960/1535 959/1536 962/1537 956/1538
f 957/1480 961/1484 942/1458 903/1358
f 961/1526 955/1478 939/1448 942/1451
f 985/1539 1005/1540 1006/1541 1003/1542
f 985/1543 1003/1544 1007/1545 1008/1546
f 985/1547 1008/1548 1009/1549 1005/1550
f 986/1551 1002/1552 1010/1553 1011/1554
f 986/1555 1011/1556 1012/1557 1013/1558
f 986/1559 1013/1560 1014/1561 1002/1562
f 987/1563 1015/1564 1016/1565 1000/1566
f 987/1567 1017/1568 1018/1569 1015/1570
f 987/1571 1000/1572 1019/1573 1017/1574
f 988/1575 1020/1576 1021/1577 1022/1578
f 988/1579 1022/1580 1023/1581 1001/1582
f 988/1583 1001/1584 1024/1585 1020/1586
f 989/1587 1025/1588 1026/1589 993/1590
f 989/1587 1027/1591 1028/1592 1025/1588
f 989/1593 1029/1594 1030/1595 1031/1596
f 989/1597 1031/1598 1032/1599 1027/1600
f 990/1601 999/1602 1030/1595 1029/1594
f 990/1603 1033/1604 1034/1605 1035/1606
f 990/1603 1029/1607 1036/1608 1033/1604
f 1033/1609 1036/1610 1039/1611 998/1612
f 998/1613 1037/1614 1038/1615 1033/1616
f 991/1617 1038/1618 1037/1619 1040/1620
f 991/1617 1041/1621 1042/1622 1038/1618
f 991/1617 1043/1623 1044/1624 1041/1621
f 992/1625 1045/1626 1046/1627 1047/1628
f 992/1625 1047/1628 1048/1629 1043/1623
f 992/1625 1040/1620 1049/1630 1045/1626
f 993/1590 1026/1589 1045/1626 1049/1630
f 993/1631 1049/1632 1050/1633 1051/1634
f 993/1635 1051/1636 1039/1637 1036/1638
f 1052/1639 1053/1640 1054/1641 1044/1624
f 994/1642 1055/1643 1048/1629 1056/1644
f 994/1645 995/1646 1057/1647 1055/1648
f 994/1649 1056/1650 1058/1651 995/1652
f 995/1653 1058/1654 1059/1655 1057/1656
f 996/1657 1060/1658 1061/1659 1062/1660
f 996/1657 1063/1661 1064/1662 1060/1658
f 996/1657 1062/1660 1065/1663 1063/1661
f 997/1664 1066/1665 1050/1666 1067/1667
f 997/1664 1068/1668 1069/1669 1066/1665
f 997/1664 1070/1670 1071/1671 1059/1655
f 997/1664 1059/1655 1058/1654 1068/1668
f 998/1672 1072/1673 1073/1674 1074/1675
f 998/1672 1039/1676 1075/1677 1072/1673
f 999/1678 1076/1679 1073/1674 1072/1673
f 999/1678 1024/1680 1077/1681 1076/1679
f 999/1678 1072/1673 1075/1677 1030/1682
f 999/1683 990/1684 1020/1586 1024/1585
f 1000/1685 1016/1686 1078/1687 1019/1688
f 1001/1689 1023/1690 1077/1681 1024/1680
f 1002/1691 1014/1692 1079/1693 1010/1694
f 1003/1695 1006/1696 1080/1697 1007/1698
f 1004/1699 1031/1700 1030/1682 1075/1677
f 1004/1699 1051/1701 1081/1702 1082/1703
f 1004/1699 1082/1703 1083/1704 1084/1705
f 1004/1699 1084/1705 1032/1706 1031/1700
f 1085/1707 1037/1708 998/1672 1074/1675
f 1085/1707 1074/1675 1086/1709 1064/1662
f 1085/1707 1064/1662 1063/1661 1070/1670
f 1086/1709 1074/1675 1073/1674 1087/1710
f 1086/1709 1087/1710 1088/1711 1089/1712
f 1086/1709 1089/1712 1060/1658 1064/1662
f 1089/1713 1088/1714 1090/1715 1091/1716
f 1089/1712 1091/1717 1061/1659 1060/1658
f 1091/1718 1090/1719 1092/1720 1093/1721
f 1091/1722 1093/1723 1094/1724 1061/1725
f 1094/1726 1054/1727 1062/1728 1061/1729
f 1094/1730 1093/1721 1042/1622 1041/1621
f 1094/1730 1041/1621 1044/1624 1054/1641
f 1093/1721 1092/1720 1034/1605 1042/1622
f 1092/1720 1090/1719 1095/1731 1096/1732
f 1092/1720 1096/1732 1035/1606 1034/1605
f 1096/1732 1095/1731 1015/1570 1018/1569
f 1096/1732 1018/1569 1021/1577 1035/1606
f 1095/1733 1090/1715 1088/1714 1097/1734
f 1095/1733 1097/1734 1016/1565 1015/1564
f 1097/1735 1088/1711 1087/1710 1098/1736
f 1097/1735 1098/1736 1078/1687 1016/1686
f 1098/1736 1087/1710 1073/1674 1076/1679
f 1098/1736 1076/1679 1077/1681 1078/1687
f 1084/1705 1083/1704 1080/1697 1079/1693
f 1084/1705 1079/1693 1014/1692 1032/1706
f 1083/1704 1082/1703 1099/1737 1100/1738
f 1083/1704 1100/1738 1007/1698 1080/1697
f 1100/1739 1099/1740 1101/1741 1102/1742
f 1100/1743 1102/1744 1008/1546 1007/1545
f 1102/1745 1101/1746 1103/1747 1104/1748
f 1102/1745 1104/1748 1009/1549 1008/1548
f 1104/1748 1103/1747 1025/1588 1028/1592
f 1104/1748 1028/1592 1012/1557 1009/1549
f 1103/1747 1105/1749 1026/1589 1025/1588
f 1103/1747 1101/1746 1106/1750 1105/1749
f 1106/1750 1107/1751 1046/1627 1105/1749
f 1106/1752 1101/1741 1099/1740 1108/1753
f 1106/1752 1108/1753 1069/1754 1107/1755
f 1108/1756 1099/1737 1082/1703 1081/1702
f 1108/1756 1081/1702 1066/1665 1069/1669
f 1107/1751 1109/1757 1047/1628 1046/1627
f 1107/1755 1069/1754 1068/1758 1109/1759
f 1109/1757 1056/1644 1048/1629 1047/1628
f 1109/1759 1068/1758 1058/1760 1056/1761
f 1105/1749 1046/1627 1045/1626 1026/1589
f 1081/1702 1051/1701 1050/1666 1066/1665
f 1004/1699 1075/1677 1039/1676 1051/1701
f 1080/1697 1006/1696 1010/1694 1079/1693
f 1078/1687 1077/1681 1023/1690 1019/1688
f 1071/1671 1110/1762 1057/1656 1059/1655
f 1071/1671 1070/1670 1063/1661 1065/1663
f 1071/1671 1065/1663 1053/1763 1110/1762
f 1110/1764 1111/1765 1055/1766 1057/1767
f 1110/1764 1053/1768 1052/1769 1111/1765
f 1111/1770 1043/1623 1048/1629 1055/1643
f 1111/1770 1052/1639 1044/1624 1043/1623
f 1067/1771 1050/1633 1049/1632 1040/1772
f 1040/1773 1037/1708 1085/1707 1070/1670
f 1067/1667 1040/1773 1070/1670 997/1664
f 1065/1774 1062/1728 1054/1727 1053/1775
f 1042/1622 1034/1605 1033/1604 1038/1618
f 1036/1608 1029/1607 989/1587 993/1590
f 1035/1606 1021/1577 1020/1576 990/1603
f 1032/1599 1014/1561 1013/1560 1027/1600
f 1028/1592 1027/1591 1013/1558 1012/1557
f 1023/1581 1022/1580 1017/1574 1019/1573
f 1022/1578 1021/1577 1018/1569 1017/1568
f 1012/1557 1011/1556 1005/1550 1009/1549
f 1011/1554 1010/1553 1006/1541 1005/1540
f 992/1625 1043/1623 991/1617 1040/1620
